model_name,split,calibration_mode,label,bin,bin_left,bin_right,count
strong_signal_only,val,raw,NORM,0,0.0,0.1,843
strong_signal_only,val,raw,NORM,1,0.1,0.2,116
strong_signal_only,val,raw,NORM,2,0.2,0.30000000000000004,82
strong_signal_only,val,raw,NORM,3,0.30000000000000004,0.4,69
strong_signal_only,val,raw,NORM,4,0.4,0.5,63
strong_signal_only,val,raw,NORM,5,0.5,0.6000000000000001,79
strong_signal_only,val,raw,NORM,6,0.6000000000000001,0.7000000000000001,77
strong_signal_only,val,raw,NORM,7,0.7000000000000001,0.8,133
strong_signal_only,val,raw,NORM,8,0.8,0.9,186
strong_signal_only,val,raw,NORM,9,0.9,1.0,535
strong_signal_only,val,raw,MI,0,0.0,0.1,1399
strong_signal_only,val,raw,MI,1,0.1,0.2,153
strong_signal_only,val,raw,MI,2,0.2,0.30000000000000004,87
strong_signal_only,val,raw,MI,3,0.30000000000000004,0.4,75
strong_signal_only,val,raw,MI,4,0.4,0.5,78
strong_signal_only,val,raw,MI,5,0.5,0.6000000000000001,51
strong_signal_only,val,raw,MI,6,0.6000000000000001,0.7000000000000001,55
strong_signal_only,val,raw,MI,7,0.7000000000000001,0.8,62
strong_signal_only,val,raw,MI,8,0.8,0.9,73
strong_signal_only,val,raw,MI,9,0.9,1.0,150
strong_signal_only,val,raw,STTC,0,0.0,0.1,1172
strong_signal_only,val,raw,STTC,1,0.1,0.2,183
strong_signal_only,val,raw,STTC,2,0.2,0.30000000000000004,113
strong_signal_only,val,raw,STTC,3,0.30000000000000004,0.4,90
strong_signal_only,val,raw,STTC,4,0.4,0.5,73
strong_signal_only,val,raw,STTC,5,0.5,0.6000000000000001,72
strong_signal_only,val,raw,STTC,6,0.6000000000000001,0.7000000000000001,68
strong_signal_only,val,raw,STTC,7,0.7000000000000001,0.8,81
strong_signal_only,val,raw,STTC,8,0.8,0.9,116
strong_signal_only,val,raw,STTC,9,0.9,1.0,215
strong_signal_only,val,raw,CD,0,0.0,0.1,1314
strong_signal_only,val,raw,CD,1,0.1,0.2,168
strong_signal_only,val,raw,CD,2,0.2,0.30000000000000004,102
strong_signal_only,val,raw,CD,3,0.30000000000000004,0.4,53
strong_signal_only,val,raw,CD,4,0.4,0.5,59
strong_signal_only,val,raw,CD,5,0.5,0.6000000000000001,44
strong_signal_only,val,raw,CD,6,0.6000000000000001,0.7000000000000001,39
strong_signal_only,val,raw,CD,7,0.7000000000000001,0.8,48
strong_signal_only,val,raw,CD,8,0.8,0.9,75
strong_signal_only,val,raw,CD,9,0.9,1.0,281
strong_signal_only,val,raw,HYP,0,0.0,0.1,1296
strong_signal_only,val,raw,HYP,1,0.1,0.2,308
strong_signal_only,val,raw,HYP,2,0.2,0.30000000000000004,180
strong_signal_only,val,raw,HYP,3,0.30000000000000004,0.4,117
strong_signal_only,val,raw,HYP,4,0.4,0.5,67
strong_signal_only,val,raw,HYP,5,0.5,0.6000000000000001,53
strong_signal_only,val,raw,HYP,6,0.6000000000000001,0.7000000000000001,56
strong_signal_only,val,raw,HYP,7,0.7000000000000001,0.8,45
strong_signal_only,val,raw,HYP,8,0.8,0.9,42
strong_signal_only,val,raw,HYP,9,0.9,1.0,19
strong_signal_only,val,temperature_scaled,NORM,0,0.0,0.1,811
strong_signal_only,val,temperature_scaled,NORM,1,0.1,0.2,114
strong_signal_only,val,temperature_scaled,NORM,2,0.2,0.30000000000000004,98
strong_signal_only,val,temperature_scaled,NORM,3,0.30000000000000004,0.4,77
strong_signal_only,val,temperature_scaled,NORM,4,0.4,0.5,73
strong_signal_only,val,temperature_scaled,NORM,5,0.5,0.6000000000000001,93
strong_signal_only,val,temperature_scaled,NORM,6,0.6000000000000001,0.7000000000000001,93
strong_signal_only,val,temperature_scaled,NORM,7,0.7000000000000001,0.8,137
strong_signal_only,val,temperature_scaled,NORM,8,0.8,0.9,252
strong_signal_only,val,temperature_scaled,NORM,9,0.9,1.0,435
strong_signal_only,val,temperature_scaled,MI,0,0.0,0.1,1222
strong_signal_only,val,temperature_scaled,MI,1,0.1,0.2,235
strong_signal_only,val,temperature_scaled,MI,2,0.2,0.30000000000000004,126
strong_signal_only,val,temperature_scaled,MI,3,0.30000000000000004,0.4,103
strong_signal_only,val,temperature_scaled,MI,4,0.4,0.5,106
strong_signal_only,val,temperature_scaled,MI,5,0.5,0.6000000000000001,76
strong_signal_only,val,temperature_scaled,MI,6,0.6000000000000001,0.7000000000000001,72
strong_signal_only,val,temperature_scaled,MI,7,0.7000000000000001,0.8,71
strong_signal_only,val,temperature_scaled,MI,8,0.8,0.9,83
strong_signal_only,val,temperature_scaled,MI,9,0.9,1.0,89
strong_signal_only,val,temperature_scaled,STTC,0,0.0,0.1,1112
strong_signal_only,val,temperature_scaled,STTC,1,0.1,0.2,212
strong_signal_only,val,temperature_scaled,STTC,2,0.2,0.30000000000000004,122
strong_signal_only,val,temperature_scaled,STTC,3,0.30000000000000004,0.4,103
strong_signal_only,val,temperature_scaled,STTC,4,0.4,0.5,82
strong_signal_only,val,temperature_scaled,STTC,5,0.5,0.6000000000000001,80
strong_signal_only,val,temperature_scaled,STTC,6,0.6000000000000001,0.7000000000000001,77
strong_signal_only,val,temperature_scaled,STTC,7,0.7000000000000001,0.8,85
strong_signal_only,val,temperature_scaled,STTC,8,0.8,0.9,128
strong_signal_only,val,temperature_scaled,STTC,9,0.9,1.0,182
strong_signal_only,val,temperature_scaled,CD,0,0.0,0.1,1250
strong_signal_only,val,temperature_scaled,CD,1,0.1,0.2,211
strong_signal_only,val,temperature_scaled,CD,2,0.2,0.30000000000000004,108
strong_signal_only,val,temperature_scaled,CD,3,0.30000000000000004,0.4,62
strong_signal_only,val,temperature_scaled,CD,4,0.4,0.5,65
strong_signal_only,val,temperature_scaled,CD,5,0.5,0.6000000000000001,49
strong_signal_only,val,temperature_scaled,CD,6,0.6000000000000001,0.7000000000000001,38
strong_signal_only,val,temperature_scaled,CD,7,0.7000000000000001,0.8,59
strong_signal_only,val,temperature_scaled,CD,8,0.8,0.9,81
strong_signal_only,val,temperature_scaled,CD,9,0.9,1.0,260
strong_signal_only,val,temperature_scaled,HYP,0,0.0,0.1,1249
strong_signal_only,val,temperature_scaled,HYP,1,0.1,0.2,326
strong_signal_only,val,temperature_scaled,HYP,2,0.2,0.30000000000000004,197
strong_signal_only,val,temperature_scaled,HYP,3,0.30000000000000004,0.4,126
strong_signal_only,val,temperature_scaled,HYP,4,0.4,0.5,70
strong_signal_only,val,temperature_scaled,HYP,5,0.5,0.6000000000000001,55
strong_signal_only,val,temperature_scaled,HYP,6,0.6000000000000001,0.7000000000000001,57
strong_signal_only,val,temperature_scaled,HYP,7,0.7000000000000001,0.8,47
strong_signal_only,val,temperature_scaled,HYP,8,0.8,0.9,42
strong_signal_only,val,temperature_scaled,HYP,9,0.9,1.0,14
strong_signal_only,test,raw,NORM,0,0.0,0.1,829
strong_signal_only,test,raw,NORM,1,0.1,0.2,104
strong_signal_only,test,raw,NORM,2,0.2,0.30000000000000004,74
strong_signal_only,test,raw,NORM,3,0.30000000000000004,0.4,63
strong_signal_only,test,raw,NORM,4,0.4,0.5,72
strong_signal_only,test,raw,NORM,5,0.5,0.6000000000000001,88
strong_signal_only,test,raw,NORM,6,0.6000000000000001,0.7000000000000001,93
strong_signal_only,test,raw,NORM,7,0.7000000000000001,0.8,164
strong_signal_only,test,raw,NORM,8,0.8,0.9,203
strong_signal_only,test,raw,NORM,9,0.9,1.0,508
strong_signal_only,test,raw,MI,0,0.0,0.1,1417
strong_signal_only,test,raw,MI,1,0.1,0.2,173
strong_signal_only,test,raw,MI,2,0.2,0.30000000000000004,85
strong_signal_only,test,raw,MI,3,0.30000000000000004,0.4,66
strong_signal_only,test,raw,MI,4,0.4,0.5,56
strong_signal_only,test,raw,MI,5,0.5,0.6000000000000001,64
strong_signal_only,test,raw,MI,6,0.6000000000000001,0.7000000000000001,62
strong_signal_only,test,raw,MI,7,0.7000000000000001,0.8,54
strong_signal_only,test,raw,MI,8,0.8,0.9,70
strong_signal_only,test,raw,MI,9,0.9,1.0,151
strong_signal_only,test,raw,STTC,0,0.0,0.1,1214
strong_signal_only,test,raw,STTC,1,0.1,0.2,200
strong_signal_only,test,raw,STTC,2,0.2,0.30000000000000004,105
strong_signal_only,test,raw,STTC,3,0.30000000000000004,0.4,81
strong_signal_only,test,raw,STTC,4,0.4,0.5,62
strong_signal_only,test,raw,STTC,5,0.5,0.6000000000000001,64
strong_signal_only,test,raw,STTC,6,0.6000000000000001,0.7000000000000001,67
strong_signal_only,test,raw,STTC,7,0.7000000000000001,0.8,72
strong_signal_only,test,raw,STTC,8,0.8,0.9,103
strong_signal_only,test,raw,STTC,9,0.9,1.0,230
strong_signal_only,test,raw,CD,0,0.0,0.1,1286
strong_signal_only,test,raw,CD,1,0.1,0.2,214
strong_signal_only,test,raw,CD,2,0.2,0.30000000000000004,95
strong_signal_only,test,raw,CD,3,0.30000000000000004,0.4,69
strong_signal_only,test,raw,CD,4,0.4,0.5,53
strong_signal_only,test,raw,CD,5,0.5,0.6000000000000001,50
strong_signal_only,test,raw,CD,6,0.6000000000000001,0.7000000000000001,59
strong_signal_only,test,raw,CD,7,0.7000000000000001,0.8,63
strong_signal_only,test,raw,CD,8,0.8,0.9,60
strong_signal_only,test,raw,CD,9,0.9,1.0,249
strong_signal_only,test,raw,HYP,0,0.0,0.1,1325
strong_signal_only,test,raw,HYP,1,0.1,0.2,283
strong_signal_only,test,raw,HYP,2,0.2,0.30000000000000004,159
strong_signal_only,test,raw,HYP,3,0.30000000000000004,0.4,120
strong_signal_only,test,raw,HYP,4,0.4,0.5,78
strong_signal_only,test,raw,HYP,5,0.5,0.6000000000000001,64
strong_signal_only,test,raw,HYP,6,0.6000000000000001,0.7000000000000001,60
strong_signal_only,test,raw,HYP,7,0.7000000000000001,0.8,45
strong_signal_only,test,raw,HYP,8,0.8,0.9,42
strong_signal_only,test,raw,HYP,9,0.9,1.0,22
strong_signal_only,test,temperature_scaled,NORM,0,0.0,0.1,797
strong_signal_only,test,temperature_scaled,NORM,1,0.1,0.2,102
strong_signal_only,test,temperature_scaled,NORM,2,0.2,0.30000000000000004,87
strong_signal_only,test,temperature_scaled,NORM,3,0.30000000000000004,0.4,75
strong_signal_only,test,temperature_scaled,NORM,4,0.4,0.5,81
strong_signal_only,test,temperature_scaled,NORM,5,0.5,0.6000000000000001,100
strong_signal_only,test,temperature_scaled,NORM,6,0.6000000000000001,0.7000000000000001,119
strong_signal_only,test,temperature_scaled,NORM,7,0.7000000000000001,0.8,179
strong_signal_only,test,temperature_scaled,NORM,8,0.8,0.9,230
strong_signal_only,test,temperature_scaled,NORM,9,0.9,1.0,428
strong_signal_only,test,temperature_scaled,MI,0,0.0,0.1,1195
strong_signal_only,test,temperature_scaled,MI,1,0.1,0.2,281
strong_signal_only,test,temperature_scaled,MI,2,0.2,0.30000000000000004,153
strong_signal_only,test,temperature_scaled,MI,3,0.30000000000000004,0.4,82
strong_signal_only,test,temperature_scaled,MI,4,0.4,0.5,86
strong_signal_only,test,temperature_scaled,MI,5,0.5,0.6000000000000001,91
strong_signal_only,test,temperature_scaled,MI,6,0.6000000000000001,0.7000000000000001,75
strong_signal_only,test,temperature_scaled,MI,7,0.7000000000000001,0.8,69
strong_signal_only,test,temperature_scaled,MI,8,0.8,0.9,77
strong_signal_only,test,temperature_scaled,MI,9,0.9,1.0,89
strong_signal_only,test,temperature_scaled,STTC,0,0.0,0.1,1149
strong_signal_only,test,temperature_scaled,STTC,1,0.1,0.2,230
strong_signal_only,test,temperature_scaled,STTC,2,0.2,0.30000000000000004,126
strong_signal_only,test,temperature_scaled,STTC,3,0.30000000000000004,0.4,86
strong_signal_only,test,temperature_scaled,STTC,4,0.4,0.5,71
strong_signal_only,test,temperature_scaled,STTC,5,0.5,0.6000000000000001,68
strong_signal_only,test,temperature_scaled,STTC,6,0.6000000000000001,0.7000000000000001,77
strong_signal_only,test,temperature_scaled,STTC,7,0.7000000000000001,0.8,74
strong_signal_only,test,temperature_scaled,STTC,8,0.8,0.9,112
strong_signal_only,test,temperature_scaled,STTC,9,0.9,1.0,205
strong_signal_only,test,temperature_scaled,CD,0,0.0,0.1,1206
strong_signal_only,test,temperature_scaled,CD,1,0.1,0.2,259
strong_signal_only,test,temperature_scaled,CD,2,0.2,0.30000000000000004,107
strong_signal_only,test,temperature_scaled,CD,3,0.30000000000000004,0.4,83
strong_signal_only,test,temperature_scaled,CD,4,0.4,0.5,62
strong_signal_only,test,temperature_scaled,CD,5,0.5,0.6000000000000001,57
strong_signal_only,test,temperature_scaled,CD,6,0.6000000000000001,0.7000000000000001,63
strong_signal_only,test,temperature_scaled,CD,7,0.7000000000000001,0.8,65
strong_signal_only,test,temperature_scaled,CD,8,0.8,0.9,68
strong_signal_only,test,temperature_scaled,CD,9,0.9,1.0,228
strong_signal_only,test,temperature_scaled,HYP,0,0.0,0.1,1274
strong_signal_only,test,temperature_scaled,HYP,1,0.1,0.2,314
strong_signal_only,test,temperature_scaled,HYP,2,0.2,0.30000000000000004,167
strong_signal_only,test,temperature_scaled,HYP,3,0.30000000000000004,0.4,122
strong_signal_only,test,temperature_scaled,HYP,4,0.4,0.5,88
strong_signal_only,test,temperature_scaled,HYP,5,0.5,0.6000000000000001,66
strong_signal_only,test,temperature_scaled,HYP,6,0.6000000000000001,0.7000000000000001,63
strong_signal_only,test,temperature_scaled,HYP,7,0.7000000000000001,0.8,49
strong_signal_only,test,temperature_scaled,HYP,8,0.8,0.9,39
strong_signal_only,test,temperature_scaled,HYP,9,0.9,1.0,16
signal_embedding_mlp,val,raw,NORM,0,0.0,0.1,884
signal_embedding_mlp,val,raw,NORM,1,0.1,0.2,101
signal_embedding_mlp,val,raw,NORM,2,0.2,0.30000000000000004,58
signal_embedding_mlp,val,raw,NORM,3,0.30000000000000004,0.4,61
signal_embedding_mlp,val,raw,NORM,4,0.4,0.5,59
signal_embedding_mlp,val,raw,NORM,5,0.5,0.6000000000000001,67
signal_embedding_mlp,val,raw,NORM,6,0.6000000000000001,0.7000000000000001,69
signal_embedding_mlp,val,raw,NORM,7,0.7000000000000001,0.8,94
signal_embedding_mlp,val,raw,NORM,8,0.8,0.9,142
signal_embedding_mlp,val,raw,NORM,9,0.9,1.0,648
signal_embedding_mlp,val,raw,MI,0,0.0,0.1,1364
signal_embedding_mlp,val,raw,MI,1,0.1,0.2,150
signal_embedding_mlp,val,raw,MI,2,0.2,0.30000000000000004,81
signal_embedding_mlp,val,raw,MI,3,0.30000000000000004,0.4,67
signal_embedding_mlp,val,raw,MI,4,0.4,0.5,53
signal_embedding_mlp,val,raw,MI,5,0.5,0.6000000000000001,48
signal_embedding_mlp,val,raw,MI,6,0.6000000000000001,0.7000000000000001,60
signal_embedding_mlp,val,raw,MI,7,0.7000000000000001,0.8,66
signal_embedding_mlp,val,raw,MI,8,0.8,0.9,90
signal_embedding_mlp,val,raw,MI,9,0.9,1.0,204
signal_embedding_mlp,val,raw,STTC,0,0.0,0.1,1243
signal_embedding_mlp,val,raw,STTC,1,0.1,0.2,138
signal_embedding_mlp,val,raw,STTC,2,0.2,0.30000000000000004,105
signal_embedding_mlp,val,raw,STTC,3,0.30000000000000004,0.4,93
signal_embedding_mlp,val,raw,STTC,4,0.4,0.5,89
signal_embedding_mlp,val,raw,STTC,5,0.5,0.6000000000000001,71
signal_embedding_mlp,val,raw,STTC,6,0.6000000000000001,0.7000000000000001,72
signal_embedding_mlp,val,raw,STTC,7,0.7000000000000001,0.8,69
signal_embedding_mlp,val,raw,STTC,8,0.8,0.9,132
signal_embedding_mlp,val,raw,STTC,9,0.9,1.0,171
signal_embedding_mlp,val,raw,CD,0,0.0,0.1,1381
signal_embedding_mlp,val,raw,CD,1,0.1,0.2,134
signal_embedding_mlp,val,raw,CD,2,0.2,0.30000000000000004,81
signal_embedding_mlp,val,raw,CD,3,0.30000000000000004,0.4,59
signal_embedding_mlp,val,raw,CD,4,0.4,0.5,40
signal_embedding_mlp,val,raw,CD,5,0.5,0.6000000000000001,46
signal_embedding_mlp,val,raw,CD,6,0.6000000000000001,0.7000000000000001,40
signal_embedding_mlp,val,raw,CD,7,0.7000000000000001,0.8,48
signal_embedding_mlp,val,raw,CD,8,0.8,0.9,64
signal_embedding_mlp,val,raw,CD,9,0.9,1.0,290
signal_embedding_mlp,val,raw,HYP,0,0.0,0.1,1582
signal_embedding_mlp,val,raw,HYP,1,0.1,0.2,225
signal_embedding_mlp,val,raw,HYP,2,0.2,0.30000000000000004,109
signal_embedding_mlp,val,raw,HYP,3,0.30000000000000004,0.4,60
signal_embedding_mlp,val,raw,HYP,4,0.4,0.5,53
signal_embedding_mlp,val,raw,HYP,5,0.5,0.6000000000000001,55
signal_embedding_mlp,val,raw,HYP,6,0.6000000000000001,0.7000000000000001,31
signal_embedding_mlp,val,raw,HYP,7,0.7000000000000001,0.8,27
signal_embedding_mlp,val,raw,HYP,8,0.8,0.9,31
signal_embedding_mlp,val,raw,HYP,9,0.9,1.0,10
signal_embedding_mlp,val,temperature_scaled,NORM,0,0.0,0.1,820
signal_embedding_mlp,val,temperature_scaled,NORM,1,0.1,0.2,96
signal_embedding_mlp,val,temperature_scaled,NORM,2,0.2,0.30000000000000004,94
signal_embedding_mlp,val,temperature_scaled,NORM,3,0.30000000000000004,0.4,78
signal_embedding_mlp,val,temperature_scaled,NORM,4,0.4,0.5,75
signal_embedding_mlp,val,temperature_scaled,NORM,5,0.5,0.6000000000000001,99
signal_embedding_mlp,val,temperature_scaled,NORM,6,0.6000000000000001,0.7000000000000001,83
signal_embedding_mlp,val,temperature_scaled,NORM,7,0.7000000000000001,0.8,120
signal_embedding_mlp,val,temperature_scaled,NORM,8,0.8,0.9,241
signal_embedding_mlp,val,temperature_scaled,NORM,9,0.9,1.0,477
signal_embedding_mlp,val,temperature_scaled,MI,0,0.0,0.1,1196
signal_embedding_mlp,val,temperature_scaled,MI,1,0.1,0.2,234
signal_embedding_mlp,val,temperature_scaled,MI,2,0.2,0.30000000000000004,118
signal_embedding_mlp,val,temperature_scaled,MI,3,0.30000000000000004,0.4,95
signal_embedding_mlp,val,temperature_scaled,MI,4,0.4,0.5,72
signal_embedding_mlp,val,temperature_scaled,MI,5,0.5,0.6000000000000001,65
signal_embedding_mlp,val,temperature_scaled,MI,6,0.6000000000000001,0.7000000000000001,81
signal_embedding_mlp,val,temperature_scaled,MI,7,0.7000000000000001,0.8,82
signal_embedding_mlp,val,temperature_scaled,MI,8,0.8,0.9,108
signal_embedding_mlp,val,temperature_scaled,MI,9,0.9,1.0,132
signal_embedding_mlp,val,temperature_scaled,STTC,0,0.0,0.1,1176
signal_embedding_mlp,val,temperature_scaled,STTC,1,0.1,0.2,169
signal_embedding_mlp,val,temperature_scaled,STTC,2,0.2,0.30000000000000004,117
signal_embedding_mlp,val,temperature_scaled,STTC,3,0.30000000000000004,0.4,109
signal_embedding_mlp,val,temperature_scaled,STTC,4,0.4,0.5,97
signal_embedding_mlp,val,temperature_scaled,STTC,5,0.5,0.6000000000000001,79
signal_embedding_mlp,val,temperature_scaled,STTC,6,0.6000000000000001,0.7000000000000001,87
signal_embedding_mlp,val,temperature_scaled,STTC,7,0.7000000000000001,0.8,76
signal_embedding_mlp,val,temperature_scaled,STTC,8,0.8,0.9,147
signal_embedding_mlp,val,temperature_scaled,STTC,9,0.9,1.0,126
signal_embedding_mlp,val,temperature_scaled,CD,0,0.0,0.1,1276
signal_embedding_mlp,val,temperature_scaled,CD,1,0.1,0.2,194
signal_embedding_mlp,val,temperature_scaled,CD,2,0.2,0.30000000000000004,104
signal_embedding_mlp,val,temperature_scaled,CD,3,0.30000000000000004,0.4,69
signal_embedding_mlp,val,temperature_scaled,CD,4,0.4,0.5,52
signal_embedding_mlp,val,temperature_scaled,CD,5,0.5,0.6000000000000001,50
signal_embedding_mlp,val,temperature_scaled,CD,6,0.6000000000000001,0.7000000000000001,51
signal_embedding_mlp,val,temperature_scaled,CD,7,0.7000000000000001,0.8,51
signal_embedding_mlp,val,temperature_scaled,CD,8,0.8,0.9,93
signal_embedding_mlp,val,temperature_scaled,CD,9,0.9,1.0,243
signal_embedding_mlp,val,temperature_scaled,HYP,0,0.0,0.1,1348
signal_embedding_mlp,val,temperature_scaled,HYP,1,0.1,0.2,359
signal_embedding_mlp,val,temperature_scaled,HYP,2,0.2,0.30000000000000004,162
signal_embedding_mlp,val,temperature_scaled,HYP,3,0.30000000000000004,0.4,97
signal_embedding_mlp,val,temperature_scaled,HYP,4,0.4,0.5,63
signal_embedding_mlp,val,temperature_scaled,HYP,5,0.5,0.6000000000000001,67
signal_embedding_mlp,val,temperature_scaled,HYP,6,0.6000000000000001,0.7000000000000001,33
signal_embedding_mlp,val,temperature_scaled,HYP,7,0.7000000000000001,0.8,35
signal_embedding_mlp,val,temperature_scaled,HYP,8,0.8,0.9,19
signal_embedding_mlp,val,temperature_scaled,HYP,9,0.9,1.0,0
signal_embedding_mlp,test,raw,NORM,0,0.0,0.1,866
signal_embedding_mlp,test,raw,NORM,1,0.1,0.2,85
signal_embedding_mlp,test,raw,NORM,2,0.2,0.30000000000000004,66
signal_embedding_mlp,test,raw,NORM,3,0.30000000000000004,0.4,50
signal_embedding_mlp,test,raw,NORM,4,0.4,0.5,65
signal_embedding_mlp,test,raw,NORM,5,0.5,0.6000000000000001,62
signal_embedding_mlp,test,raw,NORM,6,0.6000000000000001,0.7000000000000001,77
signal_embedding_mlp,test,raw,NORM,7,0.7000000000000001,0.8,128
signal_embedding_mlp,test,raw,NORM,8,0.8,0.9,177
signal_embedding_mlp,test,raw,NORM,9,0.9,1.0,622
signal_embedding_mlp,test,raw,MI,0,0.0,0.1,1386
signal_embedding_mlp,test,raw,MI,1,0.1,0.2,147
signal_embedding_mlp,test,raw,MI,2,0.2,0.30000000000000004,86
signal_embedding_mlp,test,raw,MI,3,0.30000000000000004,0.4,78
signal_embedding_mlp,test,raw,MI,4,0.4,0.5,46
signal_embedding_mlp,test,raw,MI,5,0.5,0.6000000000000001,57
signal_embedding_mlp,test,raw,MI,6,0.6000000000000001,0.7000000000000001,50
signal_embedding_mlp,test,raw,MI,7,0.7000000000000001,0.8,65
signal_embedding_mlp,test,raw,MI,8,0.8,0.9,91
signal_embedding_mlp,test,raw,MI,9,0.9,1.0,192
signal_embedding_mlp,test,raw,STTC,0,0.0,0.1,1302
signal_embedding_mlp,test,raw,STTC,1,0.1,0.2,142
signal_embedding_mlp,test,raw,STTC,2,0.2,0.30000000000000004,102
signal_embedding_mlp,test,raw,STTC,3,0.30000000000000004,0.4,70
signal_embedding_mlp,test,raw,STTC,4,0.4,0.5,57
signal_embedding_mlp,test,raw,STTC,5,0.5,0.6000000000000001,54
signal_embedding_mlp,test,raw,STTC,6,0.6000000000000001,0.7000000000000001,82
signal_embedding_mlp,test,raw,STTC,7,0.7000000000000001,0.8,81
signal_embedding_mlp,test,raw,STTC,8,0.8,0.9,117
signal_embedding_mlp,test,raw,STTC,9,0.9,1.0,191
signal_embedding_mlp,test,raw,CD,0,0.0,0.1,1345
signal_embedding_mlp,test,raw,CD,1,0.1,0.2,166
signal_embedding_mlp,test,raw,CD,2,0.2,0.30000000000000004,90
signal_embedding_mlp,test,raw,CD,3,0.30000000000000004,0.4,55
signal_embedding_mlp,test,raw,CD,4,0.4,0.5,55
signal_embedding_mlp,test,raw,CD,5,0.5,0.6000000000000001,50
signal_embedding_mlp,test,raw,CD,6,0.6000000000000001,0.7000000000000001,53
signal_embedding_mlp,test,raw,CD,7,0.7000000000000001,0.8,65
signal_embedding_mlp,test,raw,CD,8,0.8,0.9,72
signal_embedding_mlp,test,raw,CD,9,0.9,1.0,247
signal_embedding_mlp,test,raw,HYP,0,0.0,0.1,1581
signal_embedding_mlp,test,raw,HYP,1,0.1,0.2,222
signal_embedding_mlp,test,raw,HYP,2,0.2,0.30000000000000004,103
signal_embedding_mlp,test,raw,HYP,3,0.30000000000000004,0.4,80
signal_embedding_mlp,test,raw,HYP,4,0.4,0.5,60
signal_embedding_mlp,test,raw,HYP,5,0.5,0.6000000000000001,39
signal_embedding_mlp,test,raw,HYP,6,0.6000000000000001,0.7000000000000001,34
signal_embedding_mlp,test,raw,HYP,7,0.7000000000000001,0.8,43
signal_embedding_mlp,test,raw,HYP,8,0.8,0.9,28
signal_embedding_mlp,test,raw,HYP,9,0.9,1.0,8
signal_embedding_mlp,test,temperature_scaled,NORM,0,0.0,0.1,795
signal_embedding_mlp,test,temperature_scaled,NORM,1,0.1,0.2,106
signal_embedding_mlp,test,temperature_scaled,NORM,2,0.2,0.30000000000000004,79
signal_embedding_mlp,test,temperature_scaled,NORM,3,0.30000000000000004,0.4,73
signal_embedding_mlp,test,temperature_scaled,NORM,4,0.4,0.5,79
signal_embedding_mlp,test,temperature_scaled,NORM,5,0.5,0.6000000000000001,84
signal_embedding_mlp,test,temperature_scaled,NORM,6,0.6000000000000001,0.7000000000000001,127
signal_embedding_mlp,test,temperature_scaled,NORM,7,0.7000000000000001,0.8,159
signal_embedding_mlp,test,temperature_scaled,NORM,8,0.8,0.9,231
signal_embedding_mlp,test,temperature_scaled,NORM,9,0.9,1.0,465
signal_embedding_mlp,test,temperature_scaled,MI,0,0.0,0.1,1195
signal_embedding_mlp,test,temperature_scaled,MI,1,0.1,0.2,255
signal_embedding_mlp,test,temperature_scaled,MI,2,0.2,0.30000000000000004,122
signal_embedding_mlp,test,temperature_scaled,MI,3,0.30000000000000004,0.4,96
signal_embedding_mlp,test,temperature_scaled,MI,4,0.4,0.5,75
signal_embedding_mlp,test,temperature_scaled,MI,5,0.5,0.6000000000000001,71
signal_embedding_mlp,test,temperature_scaled,MI,6,0.6000000000000001,0.7000000000000001,70
signal_embedding_mlp,test,temperature_scaled,MI,7,0.7000000000000001,0.8,89
signal_embedding_mlp,test,temperature_scaled,MI,8,0.8,0.9,109
signal_embedding_mlp,test,temperature_scaled,MI,9,0.9,1.0,116
signal_embedding_mlp,test,temperature_scaled,STTC,0,0.0,0.1,1224
signal_embedding_mlp,test,temperature_scaled,STTC,1,0.1,0.2,183
signal_embedding_mlp,test,temperature_scaled,STTC,2,0.2,0.30000000000000004,110
signal_embedding_mlp,test,temperature_scaled,STTC,3,0.30000000000000004,0.4,90
signal_embedding_mlp,test,temperature_scaled,STTC,4,0.4,0.5,66
signal_embedding_mlp,test,temperature_scaled,STTC,5,0.5,0.6000000000000001,69
signal_embedding_mlp,test,temperature_scaled,STTC,6,0.6000000000000001,0.7000000000000001,90
signal_embedding_mlp,test,temperature_scaled,STTC,7,0.7000000000000001,0.8,88
signal_embedding_mlp,test,temperature_scaled,STTC,8,0.8,0.9,145
signal_embedding_mlp,test,temperature_scaled,STTC,9,0.9,1.0,133
signal_embedding_mlp,test,temperature_scaled,CD,0,0.0,0.1,1236
signal_embedding_mlp,test,temperature_scaled,CD,1,0.1,0.2,221
signal_embedding_mlp,test,temperature_scaled,CD,2,0.2,0.30000000000000004,113
signal_embedding_mlp,test,temperature_scaled,CD,3,0.30000000000000004,0.4,75
signal_embedding_mlp,test,temperature_scaled,CD,4,0.4,0.5,66
signal_embedding_mlp,test,temperature_scaled,CD,5,0.5,0.6000000000000001,54
signal_embedding_mlp,test,temperature_scaled,CD,6,0.6000000000000001,0.7000000000000001,66
signal_embedding_mlp,test,temperature_scaled,CD,7,0.7000000000000001,0.8,74
signal_embedding_mlp,test,temperature_scaled,CD,8,0.8,0.9,74
signal_embedding_mlp,test,temperature_scaled,CD,9,0.9,1.0,219
signal_embedding_mlp,test,temperature_scaled,HYP,0,0.0,0.1,1371
signal_embedding_mlp,test,temperature_scaled,HYP,1,0.1,0.2,329
signal_embedding_mlp,test,temperature_scaled,HYP,2,0.2,0.30000000000000004,157
signal_embedding_mlp,test,temperature_scaled,HYP,3,0.30000000000000004,0.4,103
signal_embedding_mlp,test,temperature_scaled,HYP,4,0.4,0.5,86
signal_embedding_mlp,test,temperature_scaled,HYP,5,0.5,0.6000000000000001,48
signal_embedding_mlp,test,temperature_scaled,HYP,6,0.6000000000000001,0.7000000000000001,48
signal_embedding_mlp,test,temperature_scaled,HYP,7,0.7000000000000001,0.8,32
signal_embedding_mlp,test,temperature_scaled,HYP,8,0.8,0.9,21
signal_embedding_mlp,test,temperature_scaled,HYP,9,0.9,1.0,3
structured_mlp,val,raw,NORM,0,0.0,0.1,759
structured_mlp,val,raw,NORM,1,0.1,0.2,138
structured_mlp,val,raw,NORM,2,0.2,0.30000000000000004,87
structured_mlp,val,raw,NORM,3,0.30000000000000004,0.4,80
structured_mlp,val,raw,NORM,4,0.4,0.5,65
structured_mlp,val,raw,NORM,5,0.5,0.6000000000000001,74
structured_mlp,val,raw,NORM,6,0.6000000000000001,0.7000000000000001,94
structured_mlp,val,raw,NORM,7,0.7000000000000001,0.8,127
structured_mlp,val,raw,NORM,8,0.8,0.9,224
structured_mlp,val,raw,NORM,9,0.9,1.0,535
structured_mlp,val,raw,MI,0,0.0,0.1,1089
structured_mlp,val,raw,MI,1,0.1,0.2,254
structured_mlp,val,raw,MI,2,0.2,0.30000000000000004,153
structured_mlp,val,raw,MI,3,0.30000000000000004,0.4,131
structured_mlp,val,raw,MI,4,0.4,0.5,98
structured_mlp,val,raw,MI,5,0.5,0.6000000000000001,110
structured_mlp,val,raw,MI,6,0.6000000000000001,0.7000000000000001,81
structured_mlp,val,raw,MI,7,0.7000000000000001,0.8,70
structured_mlp,val,raw,MI,8,0.8,0.9,92
structured_mlp,val,raw,MI,9,0.9,1.0,105
structured_mlp,val,raw,STTC,0,0.0,0.1,1181
structured_mlp,val,raw,STTC,1,0.1,0.2,201
structured_mlp,val,raw,STTC,2,0.2,0.30000000000000004,124
structured_mlp,val,raw,STTC,3,0.30000000000000004,0.4,93
structured_mlp,val,raw,STTC,4,0.4,0.5,90
structured_mlp,val,raw,STTC,5,0.5,0.6000000000000001,103
structured_mlp,val,raw,STTC,6,0.6000000000000001,0.7000000000000001,100
structured_mlp,val,raw,STTC,7,0.7000000000000001,0.8,102
structured_mlp,val,raw,STTC,8,0.8,0.9,113
structured_mlp,val,raw,STTC,9,0.9,1.0,76
structured_mlp,val,raw,CD,0,0.0,0.1,1198
structured_mlp,val,raw,CD,1,0.1,0.2,266
structured_mlp,val,raw,CD,2,0.2,0.30000000000000004,138
structured_mlp,val,raw,CD,3,0.30000000000000004,0.4,98
structured_mlp,val,raw,CD,4,0.4,0.5,64
structured_mlp,val,raw,CD,5,0.5,0.6000000000000001,56
structured_mlp,val,raw,CD,6,0.6000000000000001,0.7000000000000001,68
structured_mlp,val,raw,CD,7,0.7000000000000001,0.8,74
structured_mlp,val,raw,CD,8,0.8,0.9,63
structured_mlp,val,raw,CD,9,0.9,1.0,158
structured_mlp,val,raw,HYP,0,0.0,0.1,1584
structured_mlp,val,raw,HYP,1,0.1,0.2,233
structured_mlp,val,raw,HYP,2,0.2,0.30000000000000004,106
structured_mlp,val,raw,HYP,3,0.30000000000000004,0.4,58
structured_mlp,val,raw,HYP,4,0.4,0.5,49
structured_mlp,val,raw,HYP,5,0.5,0.6000000000000001,33
structured_mlp,val,raw,HYP,6,0.6000000000000001,0.7000000000000001,28
structured_mlp,val,raw,HYP,7,0.7000000000000001,0.8,31
structured_mlp,val,raw,HYP,8,0.8,0.9,18
structured_mlp,val,raw,HYP,9,0.9,1.0,43
structured_mlp,val,temperature_scaled,NORM,0,0.0,0.1,711
structured_mlp,val,temperature_scaled,NORM,1,0.1,0.2,146
structured_mlp,val,temperature_scaled,NORM,2,0.2,0.30000000000000004,108
structured_mlp,val,temperature_scaled,NORM,3,0.30000000000000004,0.4,88
structured_mlp,val,temperature_scaled,NORM,4,0.4,0.5,76
structured_mlp,val,temperature_scaled,NORM,5,0.5,0.6000000000000001,82
structured_mlp,val,temperature_scaled,NORM,6,0.6000000000000001,0.7000000000000001,120
structured_mlp,val,temperature_scaled,NORM,7,0.7000000000000001,0.8,148
structured_mlp,val,temperature_scaled,NORM,8,0.8,0.9,255
structured_mlp,val,temperature_scaled,NORM,9,0.9,1.0,449
structured_mlp,val,temperature_scaled,MI,0,0.0,0.1,994
structured_mlp,val,temperature_scaled,MI,1,0.1,0.2,279
structured_mlp,val,temperature_scaled,MI,2,0.2,0.30000000000000004,197
structured_mlp,val,temperature_scaled,MI,3,0.30000000000000004,0.4,130
structured_mlp,val,temperature_scaled,MI,4,0.4,0.5,125
structured_mlp,val,temperature_scaled,MI,5,0.5,0.6000000000000001,125
structured_mlp,val,temperature_scaled,MI,6,0.6000000000000001,0.7000000000000001,83
structured_mlp,val,temperature_scaled,MI,7,0.7000000000000001,0.8,77
structured_mlp,val,temperature_scaled,MI,8,0.8,0.9,100
structured_mlp,val,temperature_scaled,MI,9,0.9,1.0,73
structured_mlp,val,temperature_scaled,STTC,0,0.0,0.1,1110
structured_mlp,val,temperature_scaled,STTC,1,0.1,0.2,212
structured_mlp,val,temperature_scaled,STTC,2,0.2,0.30000000000000004,151
structured_mlp,val,temperature_scaled,STTC,3,0.30000000000000004,0.4,118
structured_mlp,val,temperature_scaled,STTC,4,0.4,0.5,98
structured_mlp,val,temperature_scaled,STTC,5,0.5,0.6000000000000001,110
structured_mlp,val,temperature_scaled,STTC,6,0.6000000000000001,0.7000000000000001,110
structured_mlp,val,temperature_scaled,STTC,7,0.7000000000000001,0.8,120
structured_mlp,val,temperature_scaled,STTC,8,0.8,0.9,106
structured_mlp,val,temperature_scaled,STTC,9,0.9,1.0,48
structured_mlp,val,temperature_scaled,CD,0,0.0,0.1,1165
structured_mlp,val,temperature_scaled,CD,1,0.1,0.2,284
structured_mlp,val,temperature_scaled,CD,2,0.2,0.30000000000000004,146
structured_mlp,val,temperature_scaled,CD,3,0.30000000000000004,0.4,101
structured_mlp,val,temperature_scaled,CD,4,0.4,0.5,68
structured_mlp,val,temperature_scaled,CD,5,0.5,0.6000000000000001,60
structured_mlp,val,temperature_scaled,CD,6,0.6000000000000001,0.7000000000000001,72
structured_mlp,val,temperature_scaled,CD,7,0.7000000000000001,0.8,71
structured_mlp,val,temperature_scaled,CD,8,0.8,0.9,62
structured_mlp,val,temperature_scaled,CD,9,0.9,1.0,154
structured_mlp,val,temperature_scaled,HYP,0,0.0,0.1,1510
structured_mlp,val,temperature_scaled,HYP,1,0.1,0.2,258
structured_mlp,val,temperature_scaled,HYP,2,0.2,0.30000000000000004,132
structured_mlp,val,temperature_scaled,HYP,3,0.30000000000000004,0.4,75
structured_mlp,val,temperature_scaled,HYP,4,0.4,0.5,55
structured_mlp,val,temperature_scaled,HYP,5,0.5,0.6000000000000001,34
structured_mlp,val,temperature_scaled,HYP,6,0.6000000000000001,0.7000000000000001,33
structured_mlp,val,temperature_scaled,HYP,7,0.7000000000000001,0.8,28
structured_mlp,val,temperature_scaled,HYP,8,0.8,0.9,24
structured_mlp,val,temperature_scaled,HYP,9,0.9,1.0,34
structured_mlp,test,raw,NORM,0,0.0,0.1,723
structured_mlp,test,raw,NORM,1,0.1,0.2,126
structured_mlp,test,raw,NORM,2,0.2,0.30000000000000004,93
structured_mlp,test,raw,NORM,3,0.30000000000000004,0.4,80
structured_mlp,test,raw,NORM,4,0.4,0.5,79
structured_mlp,test,raw,NORM,5,0.5,0.6000000000000001,70
structured_mlp,test,raw,NORM,6,0.6000000000000001,0.7000000000000001,100
structured_mlp,test,raw,NORM,7,0.7000000000000001,0.8,136
structured_mlp,test,raw,NORM,8,0.8,0.9,238
structured_mlp,test,raw,NORM,9,0.9,1.0,553
structured_mlp,test,raw,MI,0,0.0,0.1,1110
structured_mlp,test,raw,MI,1,0.1,0.2,285
structured_mlp,test,raw,MI,2,0.2,0.30000000000000004,164
structured_mlp,test,raw,MI,3,0.30000000000000004,0.4,114
structured_mlp,test,raw,MI,4,0.4,0.5,104
structured_mlp,test,raw,MI,5,0.5,0.6000000000000001,80
structured_mlp,test,raw,MI,6,0.6000000000000001,0.7000000000000001,77
structured_mlp,test,raw,MI,7,0.7000000000000001,0.8,72
structured_mlp,test,raw,MI,8,0.8,0.9,91
structured_mlp,test,raw,MI,9,0.9,1.0,101
structured_mlp,test,raw,STTC,0,0.0,0.1,1227
structured_mlp,test,raw,STTC,1,0.1,0.2,176
structured_mlp,test,raw,STTC,2,0.2,0.30000000000000004,118
structured_mlp,test,raw,STTC,3,0.30000000000000004,0.4,108
structured_mlp,test,raw,STTC,4,0.4,0.5,99
structured_mlp,test,raw,STTC,5,0.5,0.6000000000000001,95
structured_mlp,test,raw,STTC,6,0.6000000000000001,0.7000000000000001,89
structured_mlp,test,raw,STTC,7,0.7000000000000001,0.8,84
structured_mlp,test,raw,STTC,8,0.8,0.9,124
structured_mlp,test,raw,STTC,9,0.9,1.0,78
structured_mlp,test,raw,CD,0,0.0,0.1,1193
structured_mlp,test,raw,CD,1,0.1,0.2,265
structured_mlp,test,raw,CD,2,0.2,0.30000000000000004,167
structured_mlp,test,raw,CD,3,0.30000000000000004,0.4,92
structured_mlp,test,raw,CD,4,0.4,0.5,73
structured_mlp,test,raw,CD,5,0.5,0.6000000000000001,67
structured_mlp,test,raw,CD,6,0.6000000000000001,0.7000000000000001,59
structured_mlp,test,raw,CD,7,0.7000000000000001,0.8,49
structured_mlp,test,raw,CD,8,0.8,0.9,76
structured_mlp,test,raw,CD,9,0.9,1.0,157
structured_mlp,test,raw,HYP,0,0.0,0.1,1613
structured_mlp,test,raw,HYP,1,0.1,0.2,207
structured_mlp,test,raw,HYP,2,0.2,0.30000000000000004,90
structured_mlp,test,raw,HYP,3,0.30000000000000004,0.4,75
structured_mlp,test,raw,HYP,4,0.4,0.5,37
structured_mlp,test,raw,HYP,5,0.5,0.6000000000000001,41
structured_mlp,test,raw,HYP,6,0.6000000000000001,0.7000000000000001,34
structured_mlp,test,raw,HYP,7,0.7000000000000001,0.8,31
structured_mlp,test,raw,HYP,8,0.8,0.9,30
structured_mlp,test,raw,HYP,9,0.9,1.0,40
structured_mlp,test,temperature_scaled,NORM,0,0.0,0.1,685
structured_mlp,test,temperature_scaled,NORM,1,0.1,0.2,126
structured_mlp,test,temperature_scaled,NORM,2,0.2,0.30000000000000004,115
structured_mlp,test,temperature_scaled,NORM,3,0.30000000000000004,0.4,84
structured_mlp,test,temperature_scaled,NORM,4,0.4,0.5,91
structured_mlp,test,temperature_scaled,NORM,5,0.5,0.6000000000000001,83
structured_mlp,test,temperature_scaled,NORM,6,0.6000000000000001,0.7000000000000001,119
structured_mlp,test,temperature_scaled,NORM,7,0.7000000000000001,0.8,167
structured_mlp,test,temperature_scaled,NORM,8,0.8,0.9,269
structured_mlp,test,temperature_scaled,NORM,9,0.9,1.0,459
structured_mlp,test,temperature_scaled,MI,0,0.0,0.1,995
structured_mlp,test,temperature_scaled,MI,1,0.1,0.2,321
structured_mlp,test,temperature_scaled,MI,2,0.2,0.30000000000000004,211
structured_mlp,test,temperature_scaled,MI,3,0.30000000000000004,0.4,123
structured_mlp,test,temperature_scaled,MI,4,0.4,0.5,127
structured_mlp,test,temperature_scaled,MI,5,0.5,0.6000000000000001,87
structured_mlp,test,temperature_scaled,MI,6,0.6000000000000001,0.7000000000000001,89
structured_mlp,test,temperature_scaled,MI,7,0.7000000000000001,0.8,81
structured_mlp,test,temperature_scaled,MI,8,0.8,0.9,88
structured_mlp,test,temperature_scaled,MI,9,0.9,1.0,76
structured_mlp,test,temperature_scaled,STTC,0,0.0,0.1,1146
structured_mlp,test,temperature_scaled,STTC,1,0.1,0.2,216
structured_mlp,test,temperature_scaled,STTC,2,0.2,0.30000000000000004,135
structured_mlp,test,temperature_scaled,STTC,3,0.30000000000000004,0.4,118
structured_mlp,test,temperature_scaled,STTC,4,0.4,0.5,113
structured_mlp,test,temperature_scaled,STTC,5,0.5,0.6000000000000001,105
structured_mlp,test,temperature_scaled,STTC,6,0.6000000000000001,0.7000000000000001,100
structured_mlp,test,temperature_scaled,STTC,7,0.7000000000000001,0.8,110
structured_mlp,test,temperature_scaled,STTC,8,0.8,0.9,105
structured_mlp,test,temperature_scaled,STTC,9,0.9,1.0,50
structured_mlp,test,temperature_scaled,CD,0,0.0,0.1,1154
structured_mlp,test,temperature_scaled,CD,1,0.1,0.2,288
structured_mlp,test,temperature_scaled,CD,2,0.2,0.30000000000000004,174
structured_mlp,test,temperature_scaled,CD,3,0.30000000000000004,0.4,97
structured_mlp,test,temperature_scaled,CD,4,0.4,0.5,77
structured_mlp,test,temperature_scaled,CD,5,0.5,0.6000000000000001,71
structured_mlp,test,temperature_scaled,CD,6,0.6000000000000001,0.7000000000000001,61
structured_mlp,test,temperature_scaled,CD,7,0.7000000000000001,0.8,50
structured_mlp,test,temperature_scaled,CD,8,0.8,0.9,82
structured_mlp,test,temperature_scaled,CD,9,0.9,1.0,144
structured_mlp,test,temperature_scaled,HYP,0,0.0,0.1,1551
structured_mlp,test,temperature_scaled,HYP,1,0.1,0.2,233
structured_mlp,test,temperature_scaled,HYP,2,0.2,0.30000000000000004,117
structured_mlp,test,temperature_scaled,HYP,3,0.30000000000000004,0.4,81
structured_mlp,test,temperature_scaled,HYP,4,0.4,0.5,40
structured_mlp,test,temperature_scaled,HYP,5,0.5,0.6000000000000001,44
structured_mlp,test,temperature_scaled,HYP,6,0.6000000000000001,0.7000000000000001,41
structured_mlp,test,temperature_scaled,HYP,7,0.7000000000000001,0.8,25
structured_mlp,test,temperature_scaled,HYP,8,0.8,0.9,29
structured_mlp,test,temperature_scaled,HYP,9,0.9,1.0,37
fair_concat_mlp,val,raw,NORM,0,0.0,0.1,851
fair_concat_mlp,val,raw,NORM,1,0.1,0.2,90
fair_concat_mlp,val,raw,NORM,2,0.2,0.30000000000000004,53
fair_concat_mlp,val,raw,NORM,3,0.30000000000000004,0.4,63
fair_concat_mlp,val,raw,NORM,4,0.4,0.5,61
fair_concat_mlp,val,raw,NORM,5,0.5,0.6000000000000001,58
fair_concat_mlp,val,raw,NORM,6,0.6000000000000001,0.7000000000000001,66
fair_concat_mlp,val,raw,NORM,7,0.7000000000000001,0.8,80
fair_concat_mlp,val,raw,NORM,8,0.8,0.9,124
fair_concat_mlp,val,raw,NORM,9,0.9,1.0,737
fair_concat_mlp,val,raw,MI,0,0.0,0.1,1371
fair_concat_mlp,val,raw,MI,1,0.1,0.2,148
fair_concat_mlp,val,raw,MI,2,0.2,0.30000000000000004,96
fair_concat_mlp,val,raw,MI,3,0.30000000000000004,0.4,54
fair_concat_mlp,val,raw,MI,4,0.4,0.5,60
fair_concat_mlp,val,raw,MI,5,0.5,0.6000000000000001,48
fair_concat_mlp,val,raw,MI,6,0.6000000000000001,0.7000000000000001,61
fair_concat_mlp,val,raw,MI,7,0.7000000000000001,0.8,54
fair_concat_mlp,val,raw,MI,8,0.8,0.9,75
fair_concat_mlp,val,raw,MI,9,0.9,1.0,216
fair_concat_mlp,val,raw,STTC,0,0.0,0.1,1243
fair_concat_mlp,val,raw,STTC,1,0.1,0.2,136
fair_concat_mlp,val,raw,STTC,2,0.2,0.30000000000000004,114
fair_concat_mlp,val,raw,STTC,3,0.30000000000000004,0.4,80
fair_concat_mlp,val,raw,STTC,4,0.4,0.5,78
fair_concat_mlp,val,raw,STTC,5,0.5,0.6000000000000001,59
fair_concat_mlp,val,raw,STTC,6,0.6000000000000001,0.7000000000000001,79
fair_concat_mlp,val,raw,STTC,7,0.7000000000000001,0.8,81
fair_concat_mlp,val,raw,STTC,8,0.8,0.9,123
fair_concat_mlp,val,raw,STTC,9,0.9,1.0,190
fair_concat_mlp,val,raw,CD,0,0.0,0.1,1472
fair_concat_mlp,val,raw,CD,1,0.1,0.2,113
fair_concat_mlp,val,raw,CD,2,0.2,0.30000000000000004,61
fair_concat_mlp,val,raw,CD,3,0.30000000000000004,0.4,37
fair_concat_mlp,val,raw,CD,4,0.4,0.5,36
fair_concat_mlp,val,raw,CD,5,0.5,0.6000000000000001,33
fair_concat_mlp,val,raw,CD,6,0.6000000000000001,0.7000000000000001,36
fair_concat_mlp,val,raw,CD,7,0.7000000000000001,0.8,47
fair_concat_mlp,val,raw,CD,8,0.8,0.9,70
fair_concat_mlp,val,raw,CD,9,0.9,1.0,278
fair_concat_mlp,val,raw,HYP,0,0.0,0.1,1578
fair_concat_mlp,val,raw,HYP,1,0.1,0.2,155
fair_concat_mlp,val,raw,HYP,2,0.2,0.30000000000000004,93
fair_concat_mlp,val,raw,HYP,3,0.30000000000000004,0.4,90
fair_concat_mlp,val,raw,HYP,4,0.4,0.5,50
fair_concat_mlp,val,raw,HYP,5,0.5,0.6000000000000001,46
fair_concat_mlp,val,raw,HYP,6,0.6000000000000001,0.7000000000000001,38
fair_concat_mlp,val,raw,HYP,7,0.7000000000000001,0.8,47
fair_concat_mlp,val,raw,HYP,8,0.8,0.9,41
fair_concat_mlp,val,raw,HYP,9,0.9,1.0,45
fair_concat_mlp,val,temperature_scaled,NORM,0,0.0,0.1,730
fair_concat_mlp,val,temperature_scaled,NORM,1,0.1,0.2,143
fair_concat_mlp,val,temperature_scaled,NORM,2,0.2,0.30000000000000004,79
fair_concat_mlp,val,temperature_scaled,NORM,3,0.30000000000000004,0.4,78
fair_concat_mlp,val,temperature_scaled,NORM,4,0.4,0.5,88
fair_concat_mlp,val,temperature_scaled,NORM,5,0.5,0.6000000000000001,83
fair_concat_mlp,val,temperature_scaled,NORM,6,0.6000000000000001,0.7000000000000001,92
fair_concat_mlp,val,temperature_scaled,NORM,7,0.7000000000000001,0.8,125
fair_concat_mlp,val,temperature_scaled,NORM,8,0.8,0.9,185
fair_concat_mlp,val,temperature_scaled,NORM,9,0.9,1.0,580
fair_concat_mlp,val,temperature_scaled,MI,0,0.0,0.1,1208
fair_concat_mlp,val,temperature_scaled,MI,1,0.1,0.2,236
fair_concat_mlp,val,temperature_scaled,MI,2,0.2,0.30000000000000004,120
fair_concat_mlp,val,temperature_scaled,MI,3,0.30000000000000004,0.4,82
fair_concat_mlp,val,temperature_scaled,MI,4,0.4,0.5,83
fair_concat_mlp,val,temperature_scaled,MI,5,0.5,0.6000000000000001,71
fair_concat_mlp,val,temperature_scaled,MI,6,0.6000000000000001,0.7000000000000001,66
fair_concat_mlp,val,temperature_scaled,MI,7,0.7000000000000001,0.8,70
fair_concat_mlp,val,temperature_scaled,MI,8,0.8,0.9,99
fair_concat_mlp,val,temperature_scaled,MI,9,0.9,1.0,148
fair_concat_mlp,val,temperature_scaled,STTC,0,0.0,0.1,1171
fair_concat_mlp,val,temperature_scaled,STTC,1,0.1,0.2,173
fair_concat_mlp,val,temperature_scaled,STTC,2,0.2,0.30000000000000004,116
fair_concat_mlp,val,temperature_scaled,STTC,3,0.30000000000000004,0.4,95
fair_concat_mlp,val,temperature_scaled,STTC,4,0.4,0.5,96
fair_concat_mlp,val,temperature_scaled,STTC,5,0.5,0.6000000000000001,78
fair_concat_mlp,val,temperature_scaled,STTC,6,0.6000000000000001,0.7000000000000001,83
fair_concat_mlp,val,temperature_scaled,STTC,7,0.7000000000000001,0.8,96
fair_concat_mlp,val,temperature_scaled,STTC,8,0.8,0.9,142
fair_concat_mlp,val,temperature_scaled,STTC,9,0.9,1.0,133
fair_concat_mlp,val,temperature_scaled,CD,0,0.0,0.1,1349
fair_concat_mlp,val,temperature_scaled,CD,1,0.1,0.2,175
fair_concat_mlp,val,temperature_scaled,CD,2,0.2,0.30000000000000004,99
fair_concat_mlp,val,temperature_scaled,CD,3,0.30000000000000004,0.4,49
fair_concat_mlp,val,temperature_scaled,CD,4,0.4,0.5,47
fair_concat_mlp,val,temperature_scaled,CD,5,0.5,0.6000000000000001,45
fair_concat_mlp,val,temperature_scaled,CD,6,0.6000000000000001,0.7000000000000001,48
fair_concat_mlp,val,temperature_scaled,CD,7,0.7000000000000001,0.8,60
fair_concat_mlp,val,temperature_scaled,CD,8,0.8,0.9,96
fair_concat_mlp,val,temperature_scaled,CD,9,0.9,1.0,215
fair_concat_mlp,val,temperature_scaled,HYP,0,0.0,0.1,1420
fair_concat_mlp,val,temperature_scaled,HYP,1,0.1,0.2,251
fair_concat_mlp,val,temperature_scaled,HYP,2,0.2,0.30000000000000004,111
fair_concat_mlp,val,temperature_scaled,HYP,3,0.30000000000000004,0.4,108
fair_concat_mlp,val,temperature_scaled,HYP,4,0.4,0.5,76
fair_concat_mlp,val,temperature_scaled,HYP,5,0.5,0.6000000000000001,53
fair_concat_mlp,val,temperature_scaled,HYP,6,0.6000000000000001,0.7000000000000001,53
fair_concat_mlp,val,temperature_scaled,HYP,7,0.7000000000000001,0.8,37
fair_concat_mlp,val,temperature_scaled,HYP,8,0.8,0.9,47
fair_concat_mlp,val,temperature_scaled,HYP,9,0.9,1.0,27
fair_concat_mlp,test,raw,NORM,0,0.0,0.1,823
fair_concat_mlp,test,raw,NORM,1,0.1,0.2,100
fair_concat_mlp,test,raw,NORM,2,0.2,0.30000000000000004,53
fair_concat_mlp,test,raw,NORM,3,0.30000000000000004,0.4,48
fair_concat_mlp,test,raw,NORM,4,0.4,0.5,62
fair_concat_mlp,test,raw,NORM,5,0.5,0.6000000000000001,61
fair_concat_mlp,test,raw,NORM,6,0.6000000000000001,0.7000000000000001,52
fair_concat_mlp,test,raw,NORM,7,0.7000000000000001,0.8,103
fair_concat_mlp,test,raw,NORM,8,0.8,0.9,166
fair_concat_mlp,test,raw,NORM,9,0.9,1.0,730
fair_concat_mlp,test,raw,MI,0,0.0,0.1,1404
fair_concat_mlp,test,raw,MI,1,0.1,0.2,148
fair_concat_mlp,test,raw,MI,2,0.2,0.30000000000000004,76
fair_concat_mlp,test,raw,MI,3,0.30000000000000004,0.4,68
fair_concat_mlp,test,raw,MI,4,0.4,0.5,50
fair_concat_mlp,test,raw,MI,5,0.5,0.6000000000000001,55
fair_concat_mlp,test,raw,MI,6,0.6000000000000001,0.7000000000000001,46
fair_concat_mlp,test,raw,MI,7,0.7000000000000001,0.8,69
fair_concat_mlp,test,raw,MI,8,0.8,0.9,93
fair_concat_mlp,test,raw,MI,9,0.9,1.0,189
fair_concat_mlp,test,raw,STTC,0,0.0,0.1,1298
fair_concat_mlp,test,raw,STTC,1,0.1,0.2,170
fair_concat_mlp,test,raw,STTC,2,0.2,0.30000000000000004,81
fair_concat_mlp,test,raw,STTC,3,0.30000000000000004,0.4,65
fair_concat_mlp,test,raw,STTC,4,0.4,0.5,63
fair_concat_mlp,test,raw,STTC,5,0.5,0.6000000000000001,52
fair_concat_mlp,test,raw,STTC,6,0.6000000000000001,0.7000000000000001,62
fair_concat_mlp,test,raw,STTC,7,0.7000000000000001,0.8,77
fair_concat_mlp,test,raw,STTC,8,0.8,0.9,109
fair_concat_mlp,test,raw,STTC,9,0.9,1.0,221
fair_concat_mlp,test,raw,CD,0,0.0,0.1,1457
fair_concat_mlp,test,raw,CD,1,0.1,0.2,122
fair_concat_mlp,test,raw,CD,2,0.2,0.30000000000000004,77
fair_concat_mlp,test,raw,CD,3,0.30000000000000004,0.4,52
fair_concat_mlp,test,raw,CD,4,0.4,0.5,41
fair_concat_mlp,test,raw,CD,5,0.5,0.6000000000000001,42
fair_concat_mlp,test,raw,CD,6,0.6000000000000001,0.7000000000000001,46
fair_concat_mlp,test,raw,CD,7,0.7000000000000001,0.8,51
fair_concat_mlp,test,raw,CD,8,0.8,0.9,59
fair_concat_mlp,test,raw,CD,9,0.9,1.0,251
fair_concat_mlp,test,raw,HYP,0,0.0,0.1,1554
fair_concat_mlp,test,raw,HYP,1,0.1,0.2,182
fair_concat_mlp,test,raw,HYP,2,0.2,0.30000000000000004,117
fair_concat_mlp,test,raw,HYP,3,0.30000000000000004,0.4,70
fair_concat_mlp,test,raw,HYP,4,0.4,0.5,66
fair_concat_mlp,test,raw,HYP,5,0.5,0.6000000000000001,52
fair_concat_mlp,test,raw,HYP,6,0.6000000000000001,0.7000000000000001,25
fair_concat_mlp,test,raw,HYP,7,0.7000000000000001,0.8,35
fair_concat_mlp,test,raw,HYP,8,0.8,0.9,43
fair_concat_mlp,test,raw,HYP,9,0.9,1.0,54
fair_concat_mlp,test,temperature_scaled,NORM,0,0.0,0.1,713
fair_concat_mlp,test,temperature_scaled,NORM,1,0.1,0.2,128
fair_concat_mlp,test,temperature_scaled,NORM,2,0.2,0.30000000000000004,90
fair_concat_mlp,test,temperature_scaled,NORM,3,0.30000000000000004,0.4,73
fair_concat_mlp,test,temperature_scaled,NORM,4,0.4,0.5,82
fair_concat_mlp,test,temperature_scaled,NORM,5,0.5,0.6000000000000001,81
fair_concat_mlp,test,temperature_scaled,NORM,6,0.6000000000000001,0.7000000000000001,98
fair_concat_mlp,test,temperature_scaled,NORM,7,0.7000000000000001,0.8,158
fair_concat_mlp,test,temperature_scaled,NORM,8,0.8,0.9,212
fair_concat_mlp,test,temperature_scaled,NORM,9,0.9,1.0,563
fair_concat_mlp,test,temperature_scaled,MI,0,0.0,0.1,1215
fair_concat_mlp,test,temperature_scaled,MI,1,0.1,0.2,263
fair_concat_mlp,test,temperature_scaled,MI,2,0.2,0.30000000000000004,108
fair_concat_mlp,test,temperature_scaled,MI,3,0.30000000000000004,0.4,91
fair_concat_mlp,test,temperature_scaled,MI,4,0.4,0.5,69
fair_concat_mlp,test,temperature_scaled,MI,5,0.5,0.6000000000000001,70
fair_concat_mlp,test,temperature_scaled,MI,6,0.6000000000000001,0.7000000000000001,74
fair_concat_mlp,test,temperature_scaled,MI,7,0.7000000000000001,0.8,86
fair_concat_mlp,test,temperature_scaled,MI,8,0.8,0.9,91
fair_concat_mlp,test,temperature_scaled,MI,9,0.9,1.0,131
fair_concat_mlp,test,temperature_scaled,STTC,0,0.0,0.1,1214
fair_concat_mlp,test,temperature_scaled,STTC,1,0.1,0.2,191
fair_concat_mlp,test,temperature_scaled,STTC,2,0.2,0.30000000000000004,119
fair_concat_mlp,test,temperature_scaled,STTC,3,0.30000000000000004,0.4,74
fair_concat_mlp,test,temperature_scaled,STTC,4,0.4,0.5,79
fair_concat_mlp,test,temperature_scaled,STTC,5,0.5,0.6000000000000001,66
fair_concat_mlp,test,temperature_scaled,STTC,6,0.6000000000000001,0.7000000000000001,72
fair_concat_mlp,test,temperature_scaled,STTC,7,0.7000000000000001,0.8,97
fair_concat_mlp,test,temperature_scaled,STTC,8,0.8,0.9,122
fair_concat_mlp,test,temperature_scaled,STTC,9,0.9,1.0,164
fair_concat_mlp,test,temperature_scaled,CD,0,0.0,0.1,1304
fair_concat_mlp,test,temperature_scaled,CD,1,0.1,0.2,221
fair_concat_mlp,test,temperature_scaled,CD,2,0.2,0.30000000000000004,97
fair_concat_mlp,test,temperature_scaled,CD,3,0.30000000000000004,0.4,73
fair_concat_mlp,test,temperature_scaled,CD,4,0.4,0.5,54
fair_concat_mlp,test,temperature_scaled,CD,5,0.5,0.6000000000000001,55
fair_concat_mlp,test,temperature_scaled,CD,6,0.6000000000000001,0.7000000000000001,59
fair_concat_mlp,test,temperature_scaled,CD,7,0.7000000000000001,0.8,53
fair_concat_mlp,test,temperature_scaled,CD,8,0.8,0.9,83
fair_concat_mlp,test,temperature_scaled,CD,9,0.9,1.0,199
fair_concat_mlp,test,temperature_scaled,HYP,0,0.0,0.1,1411
fair_concat_mlp,test,temperature_scaled,HYP,1,0.1,0.2,248
fair_concat_mlp,test,temperature_scaled,HYP,2,0.2,0.30000000000000004,149
fair_concat_mlp,test,temperature_scaled,HYP,3,0.30000000000000004,0.4,95
fair_concat_mlp,test,temperature_scaled,HYP,4,0.4,0.5,86
fair_concat_mlp,test,temperature_scaled,HYP,5,0.5,0.6000000000000001,56
fair_concat_mlp,test,temperature_scaled,HYP,6,0.6000000000000001,0.7000000000000001,33
fair_concat_mlp,test,temperature_scaled,HYP,7,0.7000000000000001,0.8,40
fair_concat_mlp,test,temperature_scaled,HYP,8,0.8,0.9,50
fair_concat_mlp,test,temperature_scaled,HYP,9,0.9,1.0,30
gated_fusion_mlp,val,raw,NORM,0,0.0,0.1,890
gated_fusion_mlp,val,raw,NORM,1,0.1,0.2,98
gated_fusion_mlp,val,raw,NORM,2,0.2,0.30000000000000004,68
gated_fusion_mlp,val,raw,NORM,3,0.30000000000000004,0.4,66
gated_fusion_mlp,val,raw,NORM,4,0.4,0.5,59
gated_fusion_mlp,val,raw,NORM,5,0.5,0.6000000000000001,65
gated_fusion_mlp,val,raw,NORM,6,0.6000000000000001,0.7000000000000001,54
gated_fusion_mlp,val,raw,NORM,7,0.7000000000000001,0.8,72
gated_fusion_mlp,val,raw,NORM,8,0.8,0.9,122
gated_fusion_mlp,val,raw,NORM,9,0.9,1.0,689
gated_fusion_mlp,val,raw,MI,0,0.0,0.1,1348
gated_fusion_mlp,val,raw,MI,1,0.1,0.2,146
gated_fusion_mlp,val,raw,MI,2,0.2,0.30000000000000004,72
gated_fusion_mlp,val,raw,MI,3,0.30000000000000004,0.4,65
gated_fusion_mlp,val,raw,MI,4,0.4,0.5,62
gated_fusion_mlp,val,raw,MI,5,0.5,0.6000000000000001,53
gated_fusion_mlp,val,raw,MI,6,0.6000000000000001,0.7000000000000001,51
gated_fusion_mlp,val,raw,MI,7,0.7000000000000001,0.8,76
gated_fusion_mlp,val,raw,MI,8,0.8,0.9,79
gated_fusion_mlp,val,raw,MI,9,0.9,1.0,231
gated_fusion_mlp,val,raw,STTC,0,0.0,0.1,1278
gated_fusion_mlp,val,raw,STTC,1,0.1,0.2,146
gated_fusion_mlp,val,raw,STTC,2,0.2,0.30000000000000004,97
gated_fusion_mlp,val,raw,STTC,3,0.30000000000000004,0.4,84
gated_fusion_mlp,val,raw,STTC,4,0.4,0.5,70
gated_fusion_mlp,val,raw,STTC,5,0.5,0.6000000000000001,58
gated_fusion_mlp,val,raw,STTC,6,0.6000000000000001,0.7000000000000001,61
gated_fusion_mlp,val,raw,STTC,7,0.7000000000000001,0.8,74
gated_fusion_mlp,val,raw,STTC,8,0.8,0.9,118
gated_fusion_mlp,val,raw,STTC,9,0.9,1.0,197
gated_fusion_mlp,val,raw,CD,0,0.0,0.1,1458
gated_fusion_mlp,val,raw,CD,1,0.1,0.2,109
gated_fusion_mlp,val,raw,CD,2,0.2,0.30000000000000004,69
gated_fusion_mlp,val,raw,CD,3,0.30000000000000004,0.4,44
gated_fusion_mlp,val,raw,CD,4,0.4,0.5,43
gated_fusion_mlp,val,raw,CD,5,0.5,0.6000000000000001,36
gated_fusion_mlp,val,raw,CD,6,0.6000000000000001,0.7000000000000001,35
gated_fusion_mlp,val,raw,CD,7,0.7000000000000001,0.8,49
gated_fusion_mlp,val,raw,CD,8,0.8,0.9,78
gated_fusion_mlp,val,raw,CD,9,0.9,1.0,262
gated_fusion_mlp,val,raw,HYP,0,0.0,0.1,1612
gated_fusion_mlp,val,raw,HYP,1,0.1,0.2,178
gated_fusion_mlp,val,raw,HYP,2,0.2,0.30000000000000004,97
gated_fusion_mlp,val,raw,HYP,3,0.30000000000000004,0.4,75
gated_fusion_mlp,val,raw,HYP,4,0.4,0.5,56
gated_fusion_mlp,val,raw,HYP,5,0.5,0.6000000000000001,34
gated_fusion_mlp,val,raw,HYP,6,0.6000000000000001,0.7000000000000001,27
gated_fusion_mlp,val,raw,HYP,7,0.7000000000000001,0.8,26
gated_fusion_mlp,val,raw,HYP,8,0.8,0.9,41
gated_fusion_mlp,val,raw,HYP,9,0.9,1.0,37
gated_fusion_mlp,val,temperature_scaled,NORM,0,0.0,0.1,800
gated_fusion_mlp,val,temperature_scaled,NORM,1,0.1,0.2,128
gated_fusion_mlp,val,temperature_scaled,NORM,2,0.2,0.30000000000000004,93
gated_fusion_mlp,val,temperature_scaled,NORM,3,0.30000000000000004,0.4,88
gated_fusion_mlp,val,temperature_scaled,NORM,4,0.4,0.5,72
gated_fusion_mlp,val,temperature_scaled,NORM,5,0.5,0.6000000000000001,83
gated_fusion_mlp,val,temperature_scaled,NORM,6,0.6000000000000001,0.7000000000000001,81
gated_fusion_mlp,val,temperature_scaled,NORM,7,0.7000000000000001,0.8,100
gated_fusion_mlp,val,temperature_scaled,NORM,8,0.8,0.9,177
gated_fusion_mlp,val,temperature_scaled,NORM,9,0.9,1.0,561
gated_fusion_mlp,val,temperature_scaled,MI,0,0.0,0.1,1179
gated_fusion_mlp,val,temperature_scaled,MI,1,0.1,0.2,233
gated_fusion_mlp,val,temperature_scaled,MI,2,0.2,0.30000000000000004,118
gated_fusion_mlp,val,temperature_scaled,MI,3,0.30000000000000004,0.4,77
gated_fusion_mlp,val,temperature_scaled,MI,4,0.4,0.5,86
gated_fusion_mlp,val,temperature_scaled,MI,5,0.5,0.6000000000000001,70
gated_fusion_mlp,val,temperature_scaled,MI,6,0.6000000000000001,0.7000000000000001,82
gated_fusion_mlp,val,temperature_scaled,MI,7,0.7000000000000001,0.8,70
gated_fusion_mlp,val,temperature_scaled,MI,8,0.8,0.9,105
gated_fusion_mlp,val,temperature_scaled,MI,9,0.9,1.0,163
gated_fusion_mlp,val,temperature_scaled,STTC,0,0.0,0.1,1179
gated_fusion_mlp,val,temperature_scaled,STTC,1,0.1,0.2,189
gated_fusion_mlp,val,temperature_scaled,STTC,2,0.2,0.30000000000000004,107
gated_fusion_mlp,val,temperature_scaled,STTC,3,0.30000000000000004,0.4,110
gated_fusion_mlp,val,temperature_scaled,STTC,4,0.4,0.5,90
gated_fusion_mlp,val,temperature_scaled,STTC,5,0.5,0.6000000000000001,68
gated_fusion_mlp,val,temperature_scaled,STTC,6,0.6000000000000001,0.7000000000000001,82
gated_fusion_mlp,val,temperature_scaled,STTC,7,0.7000000000000001,0.8,86
gated_fusion_mlp,val,temperature_scaled,STTC,8,0.8,0.9,149
gated_fusion_mlp,val,temperature_scaled,STTC,9,0.9,1.0,123
gated_fusion_mlp,val,temperature_scaled,CD,0,0.0,0.1,1359
gated_fusion_mlp,val,temperature_scaled,CD,1,0.1,0.2,156
gated_fusion_mlp,val,temperature_scaled,CD,2,0.2,0.30000000000000004,97
gated_fusion_mlp,val,temperature_scaled,CD,3,0.30000000000000004,0.4,56
gated_fusion_mlp,val,temperature_scaled,CD,4,0.4,0.5,55
gated_fusion_mlp,val,temperature_scaled,CD,5,0.5,0.6000000000000001,43
gated_fusion_mlp,val,temperature_scaled,CD,6,0.6000000000000001,0.7000000000000001,46
gated_fusion_mlp,val,temperature_scaled,CD,7,0.7000000000000001,0.8,66
gated_fusion_mlp,val,temperature_scaled,CD,8,0.8,0.9,100
gated_fusion_mlp,val,temperature_scaled,CD,9,0.9,1.0,205
gated_fusion_mlp,val,temperature_scaled,HYP,0,0.0,0.1,1451
gated_fusion_mlp,val,temperature_scaled,HYP,1,0.1,0.2,245
gated_fusion_mlp,val,temperature_scaled,HYP,2,0.2,0.30000000000000004,163
gated_fusion_mlp,val,temperature_scaled,HYP,3,0.30000000000000004,0.4,91
gated_fusion_mlp,val,temperature_scaled,HYP,4,0.4,0.5,68
gated_fusion_mlp,val,temperature_scaled,HYP,5,0.5,0.6000000000000001,35
gated_fusion_mlp,val,temperature_scaled,HYP,6,0.6000000000000001,0.7000000000000001,36
gated_fusion_mlp,val,temperature_scaled,HYP,7,0.7000000000000001,0.8,40
gated_fusion_mlp,val,temperature_scaled,HYP,8,0.8,0.9,34
gated_fusion_mlp,val,temperature_scaled,HYP,9,0.9,1.0,20
gated_fusion_mlp,test,raw,NORM,0,0.0,0.1,878
gated_fusion_mlp,test,raw,NORM,1,0.1,0.2,95
gated_fusion_mlp,test,raw,NORM,2,0.2,0.30000000000000004,57
gated_fusion_mlp,test,raw,NORM,3,0.30000000000000004,0.4,51
gated_fusion_mlp,test,raw,NORM,4,0.4,0.5,62
gated_fusion_mlp,test,raw,NORM,5,0.5,0.6000000000000001,73
gated_fusion_mlp,test,raw,NORM,6,0.6000000000000001,0.7000000000000001,57
gated_fusion_mlp,test,raw,NORM,7,0.7000000000000001,0.8,97
gated_fusion_mlp,test,raw,NORM,8,0.8,0.9,158
gated_fusion_mlp,test,raw,NORM,9,0.9,1.0,670
gated_fusion_mlp,test,raw,MI,0,0.0,0.1,1353
gated_fusion_mlp,test,raw,MI,1,0.1,0.2,158
gated_fusion_mlp,test,raw,MI,2,0.2,0.30000000000000004,71
gated_fusion_mlp,test,raw,MI,3,0.30000000000000004,0.4,73
gated_fusion_mlp,test,raw,MI,4,0.4,0.5,49
gated_fusion_mlp,test,raw,MI,5,0.5,0.6000000000000001,54
gated_fusion_mlp,test,raw,MI,6,0.6000000000000001,0.7000000000000001,62
gated_fusion_mlp,test,raw,MI,7,0.7000000000000001,0.8,72
gated_fusion_mlp,test,raw,MI,8,0.8,0.9,90
gated_fusion_mlp,test,raw,MI,9,0.9,1.0,216
gated_fusion_mlp,test,raw,STTC,0,0.0,0.1,1328
gated_fusion_mlp,test,raw,STTC,1,0.1,0.2,164
gated_fusion_mlp,test,raw,STTC,2,0.2,0.30000000000000004,81
gated_fusion_mlp,test,raw,STTC,3,0.30000000000000004,0.4,59
gated_fusion_mlp,test,raw,STTC,4,0.4,0.5,54
gated_fusion_mlp,test,raw,STTC,5,0.5,0.6000000000000001,53
gated_fusion_mlp,test,raw,STTC,6,0.6000000000000001,0.7000000000000001,63
gated_fusion_mlp,test,raw,STTC,7,0.7000000000000001,0.8,72
gated_fusion_mlp,test,raw,STTC,8,0.8,0.9,113
gated_fusion_mlp,test,raw,STTC,9,0.9,1.0,211
gated_fusion_mlp,test,raw,CD,0,0.0,0.1,1447
gated_fusion_mlp,test,raw,CD,1,0.1,0.2,115
gated_fusion_mlp,test,raw,CD,2,0.2,0.30000000000000004,77
gated_fusion_mlp,test,raw,CD,3,0.30000000000000004,0.4,56
gated_fusion_mlp,test,raw,CD,4,0.4,0.5,60
gated_fusion_mlp,test,raw,CD,5,0.5,0.6000000000000001,46
gated_fusion_mlp,test,raw,CD,6,0.6000000000000001,0.7000000000000001,49
gated_fusion_mlp,test,raw,CD,7,0.7000000000000001,0.8,61
gated_fusion_mlp,test,raw,CD,8,0.8,0.9,55
gated_fusion_mlp,test,raw,CD,9,0.9,1.0,232
gated_fusion_mlp,test,raw,HYP,0,0.0,0.1,1592
gated_fusion_mlp,test,raw,HYP,1,0.1,0.2,209
gated_fusion_mlp,test,raw,HYP,2,0.2,0.30000000000000004,108
gated_fusion_mlp,test,raw,HYP,3,0.30000000000000004,0.4,65
gated_fusion_mlp,test,raw,HYP,4,0.4,0.5,57
gated_fusion_mlp,test,raw,HYP,5,0.5,0.6000000000000001,31
gated_fusion_mlp,test,raw,HYP,6,0.6000000000000001,0.7000000000000001,30
gated_fusion_mlp,test,raw,HYP,7,0.7000000000000001,0.8,28
gated_fusion_mlp,test,raw,HYP,8,0.8,0.9,33
gated_fusion_mlp,test,raw,HYP,9,0.9,1.0,45
gated_fusion_mlp,test,temperature_scaled,NORM,0,0.0,0.1,787
gated_fusion_mlp,test,temperature_scaled,NORM,1,0.1,0.2,122
gated_fusion_mlp,test,temperature_scaled,NORM,2,0.2,0.30000000000000004,87
gated_fusion_mlp,test,temperature_scaled,NORM,3,0.30000000000000004,0.4,71
gated_fusion_mlp,test,temperature_scaled,NORM,4,0.4,0.5,76
gated_fusion_mlp,test,temperature_scaled,NORM,5,0.5,0.6000000000000001,90
gated_fusion_mlp,test,temperature_scaled,NORM,6,0.6000000000000001,0.7000000000000001,94
gated_fusion_mlp,test,temperature_scaled,NORM,7,0.7000000000000001,0.8,130
gated_fusion_mlp,test,temperature_scaled,NORM,8,0.8,0.9,213
gated_fusion_mlp,test,temperature_scaled,NORM,9,0.9,1.0,528
gated_fusion_mlp,test,temperature_scaled,MI,0,0.0,0.1,1162
gated_fusion_mlp,test,temperature_scaled,MI,1,0.1,0.2,261
gated_fusion_mlp,test,temperature_scaled,MI,2,0.2,0.30000000000000004,122
gated_fusion_mlp,test,temperature_scaled,MI,3,0.30000000000000004,0.4,85
gated_fusion_mlp,test,temperature_scaled,MI,4,0.4,0.5,74
gated_fusion_mlp,test,temperature_scaled,MI,5,0.5,0.6000000000000001,73
gated_fusion_mlp,test,temperature_scaled,MI,6,0.6000000000000001,0.7000000000000001,86
gated_fusion_mlp,test,temperature_scaled,MI,7,0.7000000000000001,0.8,81
gated_fusion_mlp,test,temperature_scaled,MI,8,0.8,0.9,97
gated_fusion_mlp,test,temperature_scaled,MI,9,0.9,1.0,157
gated_fusion_mlp,test,temperature_scaled,STTC,0,0.0,0.1,1220
gated_fusion_mlp,test,temperature_scaled,STTC,1,0.1,0.2,206
gated_fusion_mlp,test,temperature_scaled,STTC,2,0.2,0.30000000000000004,113
gated_fusion_mlp,test,temperature_scaled,STTC,3,0.30000000000000004,0.4,79
gated_fusion_mlp,test,temperature_scaled,STTC,4,0.4,0.5,68
gated_fusion_mlp,test,temperature_scaled,STTC,5,0.5,0.6000000000000001,77
gated_fusion_mlp,test,temperature_scaled,STTC,6,0.6000000000000001,0.7000000000000001,66
gated_fusion_mlp,test,temperature_scaled,STTC,7,0.7000000000000001,0.8,83
gated_fusion_mlp,test,temperature_scaled,STTC,8,0.8,0.9,143
gated_fusion_mlp,test,temperature_scaled,STTC,9,0.9,1.0,143
gated_fusion_mlp,test,temperature_scaled,CD,0,0.0,0.1,1326
gated_fusion_mlp,test,temperature_scaled,CD,1,0.1,0.2,197
gated_fusion_mlp,test,temperature_scaled,CD,2,0.2,0.30000000000000004,90
gated_fusion_mlp,test,temperature_scaled,CD,3,0.30000000000000004,0.4,72
gated_fusion_mlp,test,temperature_scaled,CD,4,0.4,0.5,70
gated_fusion_mlp,test,temperature_scaled,CD,5,0.5,0.6000000000000001,65
gated_fusion_mlp,test,temperature_scaled,CD,6,0.6000000000000001,0.7000000000000001,55
gated_fusion_mlp,test,temperature_scaled,CD,7,0.7000000000000001,0.8,57
gated_fusion_mlp,test,temperature_scaled,CD,8,0.8,0.9,71
gated_fusion_mlp,test,temperature_scaled,CD,9,0.9,1.0,195
gated_fusion_mlp,test,temperature_scaled,HYP,0,0.0,0.1,1419
gated_fusion_mlp,test,temperature_scaled,HYP,1,0.1,0.2,303
gated_fusion_mlp,test,temperature_scaled,HYP,2,0.2,0.30000000000000004,142
gated_fusion_mlp,test,temperature_scaled,HYP,3,0.30000000000000004,0.4,100
gated_fusion_mlp,test,temperature_scaled,HYP,4,0.4,0.5,67
gated_fusion_mlp,test,temperature_scaled,HYP,5,0.5,0.6000000000000001,37
gated_fusion_mlp,test,temperature_scaled,HYP,6,0.6000000000000001,0.7000000000000001,35
gated_fusion_mlp,test,temperature_scaled,HYP,7,0.7000000000000001,0.8,34
gated_fusion_mlp,test,temperature_scaled,HYP,8,0.8,0.9,34
gated_fusion_mlp,test,temperature_scaled,HYP,9,0.9,1.0,27
late_probability_concat,val,raw,NORM,0,0.0,0.1,795
late_probability_concat,val,raw,NORM,1,0.1,0.2,92
late_probability_concat,val,raw,NORM,2,0.2,0.30000000000000004,55
late_probability_concat,val,raw,NORM,3,0.30000000000000004,0.4,49
late_probability_concat,val,raw,NORM,4,0.4,0.5,52
late_probability_concat,val,raw,NORM,5,0.5,0.6000000000000001,69
late_probability_concat,val,raw,NORM,6,0.6000000000000001,0.7000000000000001,78
late_probability_concat,val,raw,NORM,7,0.7000000000000001,0.8,120
late_probability_concat,val,raw,NORM,8,0.8,0.9,259
late_probability_concat,val,raw,NORM,9,0.9,1.0,614
late_probability_concat,val,raw,MI,0,0.0,0.1,701
late_probability_concat,val,raw,MI,1,0.1,0.2,406
late_probability_concat,val,raw,MI,2,0.2,0.30000000000000004,202
late_probability_concat,val,raw,MI,3,0.30000000000000004,0.4,129
late_probability_concat,val,raw,MI,4,0.4,0.5,100
late_probability_concat,val,raw,MI,5,0.5,0.6000000000000001,83
late_probability_concat,val,raw,MI,6,0.6000000000000001,0.7000000000000001,75
late_probability_concat,val,raw,MI,7,0.7000000000000001,0.8,101
late_probability_concat,val,raw,MI,8,0.8,0.9,113
late_probability_concat,val,raw,MI,9,0.9,1.0,273
late_probability_concat,val,raw,STTC,0,0.0,0.1,870
late_probability_concat,val,raw,STTC,1,0.1,0.2,284
late_probability_concat,val,raw,STTC,2,0.2,0.30000000000000004,157
late_probability_concat,val,raw,STTC,3,0.30000000000000004,0.4,116
late_probability_concat,val,raw,STTC,4,0.4,0.5,77
late_probability_concat,val,raw,STTC,5,0.5,0.6000000000000001,82
late_probability_concat,val,raw,STTC,6,0.6000000000000001,0.7000000000000001,84
late_probability_concat,val,raw,STTC,7,0.7000000000000001,0.8,70
late_probability_concat,val,raw,STTC,8,0.8,0.9,124
late_probability_concat,val,raw,STTC,9,0.9,1.0,319
late_probability_concat,val,raw,CD,0,0.0,0.1,642
late_probability_concat,val,raw,CD,1,0.1,0.2,479
late_probability_concat,val,raw,CD,2,0.2,0.30000000000000004,253
late_probability_concat,val,raw,CD,3,0.30000000000000004,0.4,128
late_probability_concat,val,raw,CD,4,0.4,0.5,103
late_probability_concat,val,raw,CD,5,0.5,0.6000000000000001,72
late_probability_concat,val,raw,CD,6,0.6000000000000001,0.7000000000000001,68
late_probability_concat,val,raw,CD,7,0.7000000000000001,0.8,60
late_probability_concat,val,raw,CD,8,0.8,0.9,85
late_probability_concat,val,raw,CD,9,0.9,1.0,293
late_probability_concat,val,raw,HYP,0,0.0,0.1,758
late_probability_concat,val,raw,HYP,1,0.1,0.2,421
late_probability_concat,val,raw,HYP,2,0.2,0.30000000000000004,232
late_probability_concat,val,raw,HYP,3,0.30000000000000004,0.4,166
late_probability_concat,val,raw,HYP,4,0.4,0.5,123
late_probability_concat,val,raw,HYP,5,0.5,0.6000000000000001,90
late_probability_concat,val,raw,HYP,6,0.6000000000000001,0.7000000000000001,93
late_probability_concat,val,raw,HYP,7,0.7000000000000001,0.8,79
late_probability_concat,val,raw,HYP,8,0.8,0.9,95
late_probability_concat,val,raw,HYP,9,0.9,1.0,126
late_probability_concat,val,temperature_scaled,NORM,0,0.0,0.1,795
late_probability_concat,val,temperature_scaled,NORM,1,0.1,0.2,92
late_probability_concat,val,temperature_scaled,NORM,2,0.2,0.30000000000000004,55
late_probability_concat,val,temperature_scaled,NORM,3,0.30000000000000004,0.4,49
late_probability_concat,val,temperature_scaled,NORM,4,0.4,0.5,52
late_probability_concat,val,temperature_scaled,NORM,5,0.5,0.6000000000000001,69
late_probability_concat,val,temperature_scaled,NORM,6,0.6000000000000001,0.7000000000000001,78
late_probability_concat,val,temperature_scaled,NORM,7,0.7000000000000001,0.8,120
late_probability_concat,val,temperature_scaled,NORM,8,0.8,0.9,259
late_probability_concat,val,temperature_scaled,NORM,9,0.9,1.0,614
late_probability_concat,val,temperature_scaled,MI,0,0.0,0.1,701
late_probability_concat,val,temperature_scaled,MI,1,0.1,0.2,406
late_probability_concat,val,temperature_scaled,MI,2,0.2,0.30000000000000004,202
late_probability_concat,val,temperature_scaled,MI,3,0.30000000000000004,0.4,129
late_probability_concat,val,temperature_scaled,MI,4,0.4,0.5,100
late_probability_concat,val,temperature_scaled,MI,5,0.5,0.6000000000000001,83
late_probability_concat,val,temperature_scaled,MI,6,0.6000000000000001,0.7000000000000001,75
late_probability_concat,val,temperature_scaled,MI,7,0.7000000000000001,0.8,101
late_probability_concat,val,temperature_scaled,MI,8,0.8,0.9,113
late_probability_concat,val,temperature_scaled,MI,9,0.9,1.0,273
late_probability_concat,val,temperature_scaled,STTC,0,0.0,0.1,870
late_probability_concat,val,temperature_scaled,STTC,1,0.1,0.2,284
late_probability_concat,val,temperature_scaled,STTC,2,0.2,0.30000000000000004,157
late_probability_concat,val,temperature_scaled,STTC,3,0.30000000000000004,0.4,116
late_probability_concat,val,temperature_scaled,STTC,4,0.4,0.5,77
late_probability_concat,val,temperature_scaled,STTC,5,0.5,0.6000000000000001,82
late_probability_concat,val,temperature_scaled,STTC,6,0.6000000000000001,0.7000000000000001,84
late_probability_concat,val,temperature_scaled,STTC,7,0.7000000000000001,0.8,70
late_probability_concat,val,temperature_scaled,STTC,8,0.8,0.9,124
late_probability_concat,val,temperature_scaled,STTC,9,0.9,1.0,319
late_probability_concat,val,temperature_scaled,CD,0,0.0,0.1,642
late_probability_concat,val,temperature_scaled,CD,1,0.1,0.2,479
late_probability_concat,val,temperature_scaled,CD,2,0.2,0.30000000000000004,253
late_probability_concat,val,temperature_scaled,CD,3,0.30000000000000004,0.4,128
late_probability_concat,val,temperature_scaled,CD,4,0.4,0.5,103
late_probability_concat,val,temperature_scaled,CD,5,0.5,0.6000000000000001,72
late_probability_concat,val,temperature_scaled,CD,6,0.6000000000000001,0.7000000000000001,68
late_probability_concat,val,temperature_scaled,CD,7,0.7000000000000001,0.8,60
late_probability_concat,val,temperature_scaled,CD,8,0.8,0.9,85
late_probability_concat,val,temperature_scaled,CD,9,0.9,1.0,293
late_probability_concat,val,temperature_scaled,HYP,0,0.0,0.1,758
late_probability_concat,val,temperature_scaled,HYP,1,0.1,0.2,421
late_probability_concat,val,temperature_scaled,HYP,2,0.2,0.30000000000000004,232
late_probability_concat,val,temperature_scaled,HYP,3,0.30000000000000004,0.4,166
late_probability_concat,val,temperature_scaled,HYP,4,0.4,0.5,123
late_probability_concat,val,temperature_scaled,HYP,5,0.5,0.6000000000000001,90
late_probability_concat,val,temperature_scaled,HYP,6,0.6000000000000001,0.7000000000000001,93
late_probability_concat,val,temperature_scaled,HYP,7,0.7000000000000001,0.8,79
late_probability_concat,val,temperature_scaled,HYP,8,0.8,0.9,95
late_probability_concat,val,temperature_scaled,HYP,9,0.9,1.0,126
late_probability_concat,test,raw,NORM,0,0.0,0.1,783
late_probability_concat,test,raw,NORM,1,0.1,0.2,87
late_probability_concat,test,raw,NORM,2,0.2,0.30000000000000004,57
late_probability_concat,test,raw,NORM,3,0.30000000000000004,0.4,45
late_probability_concat,test,raw,NORM,4,0.4,0.5,49
late_probability_concat,test,raw,NORM,5,0.5,0.6000000000000001,55
late_probability_concat,test,raw,NORM,6,0.6000000000000001,0.7000000000000001,87
late_probability_concat,test,raw,NORM,7,0.7000000000000001,0.8,143
late_probability_concat,test,raw,NORM,8,0.8,0.9,275
late_probability_concat,test,raw,NORM,9,0.9,1.0,617
late_probability_concat,test,raw,MI,0,0.0,0.1,696
late_probability_concat,test,raw,MI,1,0.1,0.2,438
late_probability_concat,test,raw,MI,2,0.2,0.30000000000000004,219
late_probability_concat,test,raw,MI,3,0.30000000000000004,0.4,119
late_probability_concat,test,raw,MI,4,0.4,0.5,105
late_probability_concat,test,raw,MI,5,0.5,0.6000000000000001,78
late_probability_concat,test,raw,MI,6,0.6000000000000001,0.7000000000000001,92
late_probability_concat,test,raw,MI,7,0.7000000000000001,0.8,81
late_probability_concat,test,raw,MI,8,0.8,0.9,120
late_probability_concat,test,raw,MI,9,0.9,1.0,250
late_probability_concat,test,raw,STTC,0,0.0,0.1,881
late_probability_concat,test,raw,STTC,1,0.1,0.2,305
late_probability_concat,test,raw,STTC,2,0.2,0.30000000000000004,160
late_probability_concat,test,raw,STTC,3,0.30000000000000004,0.4,97
late_probability_concat,test,raw,STTC,4,0.4,0.5,85
late_probability_concat,test,raw,STTC,5,0.5,0.6000000000000001,68
late_probability_concat,test,raw,STTC,6,0.6000000000000001,0.7000000000000001,82
late_probability_concat,test,raw,STTC,7,0.7000000000000001,0.8,74
late_probability_concat,test,raw,STTC,8,0.8,0.9,122
late_probability_concat,test,raw,STTC,9,0.9,1.0,324
late_probability_concat,test,raw,CD,0,0.0,0.1,617
late_probability_concat,test,raw,CD,1,0.1,0.2,466
late_probability_concat,test,raw,CD,2,0.2,0.30000000000000004,262
late_probability_concat,test,raw,CD,3,0.30000000000000004,0.4,165
late_probability_concat,test,raw,CD,4,0.4,0.5,122
late_probability_concat,test,raw,CD,5,0.5,0.6000000000000001,77
late_probability_concat,test,raw,CD,6,0.6000000000000001,0.7000000000000001,70
late_probability_concat,test,raw,CD,7,0.7000000000000001,0.8,69
late_probability_concat,test,raw,CD,8,0.8,0.9,74
late_probability_concat,test,raw,CD,9,0.9,1.0,276
late_probability_concat,test,raw,HYP,0,0.0,0.1,746
late_probability_concat,test,raw,HYP,1,0.1,0.2,404
late_probability_concat,test,raw,HYP,2,0.2,0.30000000000000004,243
late_probability_concat,test,raw,HYP,3,0.30000000000000004,0.4,173
late_probability_concat,test,raw,HYP,4,0.4,0.5,135
late_probability_concat,test,raw,HYP,5,0.5,0.6000000000000001,83
late_probability_concat,test,raw,HYP,6,0.6000000000000001,0.7000000000000001,95
late_probability_concat,test,raw,HYP,7,0.7000000000000001,0.8,84
late_probability_concat,test,raw,HYP,8,0.8,0.9,92
late_probability_concat,test,raw,HYP,9,0.9,1.0,143
late_probability_concat,test,temperature_scaled,NORM,0,0.0,0.1,783
late_probability_concat,test,temperature_scaled,NORM,1,0.1,0.2,87
late_probability_concat,test,temperature_scaled,NORM,2,0.2,0.30000000000000004,57
late_probability_concat,test,temperature_scaled,NORM,3,0.30000000000000004,0.4,45
late_probability_concat,test,temperature_scaled,NORM,4,0.4,0.5,49
late_probability_concat,test,temperature_scaled,NORM,5,0.5,0.6000000000000001,55
late_probability_concat,test,temperature_scaled,NORM,6,0.6000000000000001,0.7000000000000001,87
late_probability_concat,test,temperature_scaled,NORM,7,0.7000000000000001,0.8,143
late_probability_concat,test,temperature_scaled,NORM,8,0.8,0.9,275
late_probability_concat,test,temperature_scaled,NORM,9,0.9,1.0,617
late_probability_concat,test,temperature_scaled,MI,0,0.0,0.1,696
late_probability_concat,test,temperature_scaled,MI,1,0.1,0.2,438
late_probability_concat,test,temperature_scaled,MI,2,0.2,0.30000000000000004,219
late_probability_concat,test,temperature_scaled,MI,3,0.30000000000000004,0.4,119
late_probability_concat,test,temperature_scaled,MI,4,0.4,0.5,105
late_probability_concat,test,temperature_scaled,MI,5,0.5,0.6000000000000001,78
late_probability_concat,test,temperature_scaled,MI,6,0.6000000000000001,0.7000000000000001,92
late_probability_concat,test,temperature_scaled,MI,7,0.7000000000000001,0.8,81
late_probability_concat,test,temperature_scaled,MI,8,0.8,0.9,120
late_probability_concat,test,temperature_scaled,MI,9,0.9,1.0,250
late_probability_concat,test,temperature_scaled,STTC,0,0.0,0.1,881
late_probability_concat,test,temperature_scaled,STTC,1,0.1,0.2,305
late_probability_concat,test,temperature_scaled,STTC,2,0.2,0.30000000000000004,160
late_probability_concat,test,temperature_scaled,STTC,3,0.30000000000000004,0.4,97
late_probability_concat,test,temperature_scaled,STTC,4,0.4,0.5,85
late_probability_concat,test,temperature_scaled,STTC,5,0.5,0.6000000000000001,68
late_probability_concat,test,temperature_scaled,STTC,6,0.6000000000000001,0.7000000000000001,82
late_probability_concat,test,temperature_scaled,STTC,7,0.7000000000000001,0.8,74
late_probability_concat,test,temperature_scaled,STTC,8,0.8,0.9,122
late_probability_concat,test,temperature_scaled,STTC,9,0.9,1.0,324
late_probability_concat,test,temperature_scaled,CD,0,0.0,0.1,617
late_probability_concat,test,temperature_scaled,CD,1,0.1,0.2,466
late_probability_concat,test,temperature_scaled,CD,2,0.2,0.30000000000000004,262
late_probability_concat,test,temperature_scaled,CD,3,0.30000000000000004,0.4,165
late_probability_concat,test,temperature_scaled,CD,4,0.4,0.5,122
late_probability_concat,test,temperature_scaled,CD,5,0.5,0.6000000000000001,77
late_probability_concat,test,temperature_scaled,CD,6,0.6000000000000001,0.7000000000000001,70
late_probability_concat,test,temperature_scaled,CD,7,0.7000000000000001,0.8,69
late_probability_concat,test,temperature_scaled,CD,8,0.8,0.9,74
late_probability_concat,test,temperature_scaled,CD,9,0.9,1.0,276
late_probability_concat,test,temperature_scaled,HYP,0,0.0,0.1,746
late_probability_concat,test,temperature_scaled,HYP,1,0.1,0.2,404
late_probability_concat,test,temperature_scaled,HYP,2,0.2,0.30000000000000004,243
late_probability_concat,test,temperature_scaled,HYP,3,0.30000000000000004,0.4,173
late_probability_concat,test,temperature_scaled,HYP,4,0.4,0.5,135
late_probability_concat,test,temperature_scaled,HYP,5,0.5,0.6000000000000001,83
late_probability_concat,test,temperature_scaled,HYP,6,0.6000000000000001,0.7000000000000001,95
late_probability_concat,test,temperature_scaled,HYP,7,0.7000000000000001,0.8,84
late_probability_concat,test,temperature_scaled,HYP,8,0.8,0.9,92
late_probability_concat,test,temperature_scaled,HYP,9,0.9,1.0,143
